"sample_id","cell_type","genotype","contrast","n_cell_type","n_genotype","n_wt","odds.ratio","SE","df","asymp.LCL","asymp.UCL","null","z.ratio","p.value"
"PP1","Endothelial_cell","CARM1","CARM1 / WT",485,353,256,2.35724008931754,0.7009402677695,Inf,0.950595413188503,5.8453688725972,1,2.88371689891139,0.0811970872544292
"PP1","Endothelial_cell","CBX4","CBX4 / WT",485,245,256,1.35242091823636,0.468685416288395,Inf,0.469299732230893,3.89738628528218,1,0.871140432201448,0.990838478449092
"PP1","Endothelial_cell","DPY30","DPY30 / WT",485,168,256,1.20501887037795,0.476480251144867,Inf,0.360184485654735,4.03146314124944,1,0.47164655217398,0.999842842356057
"PP1","Endothelial_cell","EOMES","EOMES / WT",485,7,256,34.4951042797886,27.8089187271927,Inf,2.9408171293533,404.619589363979,1,4.39214724450581,0.000321448086653575
"PP1","Endothelial_cell","FEV","FEV / WT",485,249,256,1.58790164447953,0.532664440011848,Inf,0.570015113230813,4.4234469823957,1,1.3784795483441,0.88267876894038
"PP1","Endothelial_cell","GCM1","GCM1 / WT",485,208,256,2.01610271929057,0.673884928465491,Inf,0.726386469245182,5.59574048640332,1,2.09772206839429,0.439815516540997
"PP1","Endothelial_cell","HES1","HES1 / WT",485,45,256,1.6357175158987,0.934385789389774,Inf,0.285776834621249,9.36245163245603,1,0.861428361919973,0.991452624493895
"PP1","Endothelial_cell","HNF1A","HNF1A / WT",485,216,256,1.46258165691831,0.515014352053093,Inf,0.498959520585227,4.28721171738523,1,1.07973326387755,0.967304268413886
"PP1","Endothelial_cell","HNF4A","HNF4A / WT",485,131,256,1.87399126022219,0.717690202206135,Inf,0.581831896078609,6.03583830150602,1,1.63998151550433,0.749194868301101
"PP1","Endothelial_cell","INSM1","INSM1 / WT",485,107,256,0.758760793728633,0.488420673701085,Inf,0.106243324054654,5.41886228826519,1,-0.428872334013309,0.999918922389118
"PP1","Endothelial_cell","ISL1","ISL1 / WT",485,327,256,1.63667422961099,0.5177321327072,Inf,0.622852767023891,4.30069941998022,1,1.55743509747897,0.796890536898487
"PP1","Endothelial_cell","JMJD6","JMJD6 / WT",485,37,256,0.530647607680998,0.490546745181624,Inf,0.0315252400611092,8.93210909708323,1,-0.685456863312838,0.998020761823757
"PP1","Endothelial_cell","MAFB","MAFB / WT",485,234,256,1.16551846420215,0.421767717874822,Inf,0.385957529272268,3.51964448771733,1,0.423261000732023,0.999926055512745
"PP1","Endothelial_cell","MEIS1","MEIS1 / WT",485,146,256,1.6724252122953,0.635942394385015,Inf,0.523585705745128,5.34202148765786,1,1.35245918861829,0.892948572937035
"PP1","Endothelial_cell","MEN1","MEN1 / WT",485,125,256,1.81935897944098,0.711524640219095,Inf,0.551048481078719,6.00685277199715,1,1.5303161637218,0.811517987653521
"PP1","Endothelial_cell","NCOA5","NCOA5 / WT",485,266,256,1.01343935594134,0.366426111199193,Inf,0.335909229455242,3.0575501894855,1,0.0369222110750285,0.999999999998357
"PP1","Endothelial_cell","NEUROG3","NEUROG3 / WT",485,236,256,1.17111319186156,0.422899397535006,Inf,0.388714289636335,3.52831409783084,1,0.437415810345507,0.999906948187508
"PP1","Endothelial_cell","NKX6-1","(NKX6-1) / WT",485,201,256,1.93275089784539,0.668498619571042,Inf,0.672059497729344,5.55832637696991,1,1.90512769375198,0.573249304045916
"PP1","Endothelial_cell","NOTCH1","NOTCH1 / WT",485,193,256,2.08420641780078,0.705454537581188,Inf,0.741296242842878,5.85989263259046,1,2.16968840799639,0.392203168266398
"PP1","Endothelial_cell","NOTCH2","NOTCH2 / WT",485,150,256,0.839629776412131,0.381122272943508,Inf,0.20990384714835,3.35857665790966,1,-0.385079665695873,0.999961918971653
"PP1","Endothelial_cell","ONECUT1","ONECUT1 / WT",485,211,256,1.29377651626204,0.4705284287218,Inf,0.42606185681961,3.92867290802762,1,0.708208347575167,0.997548349801126
"PP1","Endothelial_cell","PAX6","PAX6 / WT",485,251,256,1.80949207970557,0.591056110858467,Inf,0.667274608686561,4.90691769759098,1,1.81558460943141,0.635249316019262
"PP1","Endothelial_cell","PBX2","PBX2 / WT",485,181,256,2.19004717332979,0.796177266670267,Inf,0.721532642654514,6.6473868788032,1,2.15633955645099,0.400883367860159
"PP1","Endothelial_cell","PDX1","PDX1 / WT",485,383,256,1.48473318053388,0.574469744892225,Inf,0.455457169359546,4.84004373117691,1,1.02149615739248,0.976193787482621
"PP1","Endothelial_cell","RFX3","RFX3 / WT",485,142,256,1.57091530829986,0.611128928888957,Inf,0.478799790204741,5.15408518620194,1,1.16099424716094,0.951158431149927
"PP1","Endothelial_cell","RFX7","RFX7 / WT",485,68,256,2.62323244576859,1.14515595705567,Inf,0.691532925532307,9.9508616444201,1,2.20918779202319,0.366980669046143
"PP1","Endothelial_cell","RREB1","RREB1 / WT",485,82,256,1.53744638214751,0.714967269121409,Inf,0.371522508400509,6.36231002034015,1,0.924924598766393,0.986785884161015
"PP1","Endothelial_cell","SIM1","SIM1 / WT",485,248,256,1.77886542584108,0.58909848547266,Inf,0.646980803408714,4.89096768649216,1,1.73923951701151,0.686462232036186
"PP1","Endothelial_cell","SIX2","SIX2 / WT",485,236,256,1.22750977813626,0.437932979035707,Inf,0.412874229366853,3.64948971925614,1,0.574572434211874,0.999391327897705
"PP1","Endothelial_cell","SIX3","SIX3 / WT",485,212,256,1.22756122646957,0.473127285170701,Inf,0.378292996683087,3.9834376473902,1,0.53196300732154,0.999639875634569
"PP1","Liver","CARM1","CARM1 / WT",242,353,256,0.214701043218612,0.112181997410518,Inf,0.0435306538799623,1.05894430362277,1,-2.94449585288443,0.068609856773054
"PP1","Liver","CBX4","CBX4 / WT",242,245,256,0.429017827838795,0.207458158811333,Inf,0.0979677034300995,1.87874462868105,1,-1.75003604584626,0.679350660477105
"PP1","Liver","DPY30","DPY30 / WT",242,168,256,0.69876483133089,0.339533626250549,Inf,0.158429041305496,3.08196202843493,1,-0.737676524386519,0.996804057533206
"PP1","Liver","EOMES","EOMES / WT",242,7,256,0.151518910712124,0.30429498052126,Inf,0.000328622786710332,69.8611941466648,1,-0.939624366875527,0.985467916847699
"PP1","Liver","FEV","FEV / WT",242,249,256,0.460348260385282,0.220373929269218,Inf,0.106692129606924,1.98628072773986,1,-1.62054234992926,0.760831652776642
"PP1","Liver","GCM1","GCM1 / WT",242,208,256,0.125556724125552,0.0892764918632521,Inf,0.0143127317020128,1.1014313201248,1,-2.91823637432884,0.073834950934046
"PP1","Liver","HES1","HES1 / WT",242,45,256,0.32054208929318,0.297796739930713,Inf,0.0187768079270198,5.4720286540602,1,-1.22464100056535,0.935109593934796
"PP1","Liver","HNF1A","HNF1A / WT",242,216,256,0.432951959632328,0.214826672033937,Inf,0.0951264881447982,1.97050687989393,1,-1.68711093093982,0.720051875423537
"PP1","Liver","HNF4A","HNF4A / WT",242,131,256,0.0792879950572735,0.0766564737147039,Inf,0.00413854049746187,1.51903458817371,1,-2.62168056504637,0.158176733084705
"PP1","Liver","INSM1","INSM1 / WT",242,107,256,0.304845269150094,0.351257489570121,Inf,0.00903145634115258,10.2896625541716,1,-1.0309850648874,0.974885126117147
"PP1","Liver","ISL1","ISL1 / WT",242,327,256,0.425520096981338,0.193616418108729,Inf,0.106023310168253,1.70780701571818,1,-1.87785062134197,0.592272492509039
"PP1","Liver","JMJD6","JMJD6 / WT",242,37,256,1.58701491730169,1.02863300090136,Inf,0.219219266669636,11.4890282501202,1,0.712567574584969,0.997448139883487
"PP1","Liver","MAFB","MAFB / WT",242,234,256,0.810313568927301,0.358893512642816,Inf,0.209502532746885,3.13412955623307,1,-0.47489429403213,0.999835187632895
"PP1","Liver","MEIS1","MEIS1 / WT",242,146,256,0.95274270854404,0.453042065066298,Inf,0.222978503533407,4.07087972293184,1,-0.101806547024513,0.999999997310655
"PP1","Liver","MEN1","MEN1 / WT",242,125,256,0.49015024171165,0.279297952256659,Inf,0.0860059964323812,2.79337801334439,1,-1.25134592789429,0.927421301958258
"PP1","Liver","NCOA5","NCOA5 / WT",242,266,256,0.184349641376268,0.107960851675398,Inf,0.0308227895516645,1.10258645534319,1,-2.88734938153746,0.0803952192495833
"PP1","Liver","NEUROG3","NEUROG3 / WT",242,236,256,0.493057648314925,0.234495651234079,Inf,0.115365857140031,2.10725989983988,1,-1.48683119606337,0.833804704028625
"PP1","Liver","NKX6-1","(NKX6-1) / WT",242,201,256,0.461265144311627,0.255237667170565,Inf,0.0851151570454602,2.49973730581485,1,-1.39837816892892,0.874437606764014
"PP1","Liver","NOTCH1","NOTCH1 / WT",242,193,256,0.0964426758077642,0.0761982967926824,Inf,0.00863593539691052,1.07703326732724,1,-2.96018106235533,0.065637567444141
"PP1","Liver","NOTCH2","NOTCH2 / WT",242,150,256,0.512151419896323,0.269506895542853,Inf,0.102665126145511,2.55489947511537,1,-1.2715756936899,0.921209120127866
"PP1","Liver","ONECUT1","ONECUT1 / WT",242,211,256,0.540029603623036,0.260678576162752,Inf,0.123639576356642,2.35872672313299,1,-1.27639623130686,0.919678879501689
"PP1","Liver","PAX6","PAX6 / WT",242,251,256,0.283005058790046,0.147474302654284,Inf,0.0576255111661049,1.38986816220846,1,-2.42235150400519,0.245528261447836
"PP1","Liver","PBX2","PBX2 / WT",242,181,256,0.363427044543232,0.241178245813743,Inf,0.0478851328130872,2.75825102586601,1,-1.52523038379377,0.814199913473133
"PP1","Liver","PDX1","PDX1 / WT",242,383,256,0.516609588747627,0.365177146197628,Inf,0.0596457320137277,4.47451071812762,1,-0.934352057147716,0.985951752494921
"PP1","Liver","RFX3","RFX3 / WT",242,142,256,0.87363994850855,0.431946320937317,Inf,0.192992645091045,3.95479713369365,1,-0.27322226676159,0.999996671337836
"PP1","Liver","RFX7","RFX7 / WT",242,68,256,0.167202447683452,0.160888123907172,Inf,0.0088501530996873,3.15888981766037,1,-1.85874457587765,0.605539903708957
"PP1","Liver","RREB1","RREB1 / WT",242,82,256,0.0900984310925058,0.107862371528361,Inf,0.00232714645403763,3.48827520985912,1,-2.0104660552518,0.499651276717235
"PP1","Liver","SIM1","SIM1 / WT",242,248,256,0.277081863905565,0.149264685993348,Inf,0.0534666289289177,1.43593042694821,1,-2.38246961418929,0.266153392257991
"PP1","Liver","SIX2","SIX2 / WT",242,236,256,0.53054476042187,0.250439384511984,Inf,0.125491425880336,2.24300378162494,1,-1.34278520652786,0.896620021984325
"PP1","Liver","SIX3","SIX3 / WT",242,212,256,0.957764402470393,0.550453799219933,Inf,0.165557968777516,5.54073390373733,1,-0.0750850401678306,0.999999999704235
"PP1","PP1","CARM1","CARM1 / WT",5057,353,256,0.897153213200014,0.229029305652303,Inf,0.411397683755023,1.95646188527011,1,-0.425128149449157,0.999923743468823
"PP1","PP1","CBX4","CBX4 / WT",5057,245,256,1.19217546450288,0.337412955342759,Inf,0.502277455365139,2.82967575586175,1,0.621079639066326,0.998971670085126
"PP1","PP1","DPY30","DPY30 / WT",5057,168,256,0.968634272674026,0.292194771806155,Inf,0.385521083983293,2.43372514028156,1,-0.105643908420263,0.999999996483751
"PP1","PP1","EOMES","EOMES / WT",5057,7,256,0.0399703923934793,0.0362931090577152,Inf,0.00249679993170541,0.639871960825256,1,-3.54583362443279,0.00999606799657171
"PP1","PP1","FEV","FEV / WT",5057,249,256,1.1018428958813,0.308070065087591,Inf,0.469104417520981,2.58803311556916,1,0.346873310358818,0.999981794352274
"PP1","PP1","GCM1","GCM1 / WT",5057,208,256,1.06737812502518,0.308612847211917,Inf,0.441386661360935,2.58117465142573,1,0.225521075635268,0.999999158872239
"PP1","PP1","HES1","HES1 / WT",5057,45,256,0.793959139053926,0.35359049792269,Inf,0.203747633964691,3.09388188820142,1,-0.518070646082796,0.999699621068426
"PP1","PP1","HNF1A","HNF1A / WT",5057,216,256,1.12220434417937,0.324351640897467,Inf,0.464201621295046,2.71292156753283,1,0.398901804927477,0.999951199002522
"PP1","PP1","HNF4A","HNF4A / WT",5057,131,256,1.17414669781355,0.394753861999606,Inf,0.420519584490468,3.27837398977958,1,0.477511403527523,0.999828793080299
"PP1","PP1","INSM1","INSM1 / WT",5057,107,256,1.59135119576078,0.911782469064342,Inf,0.276567152069386,9.1565415824,1,0.810846310449232,0.994147603615641
"PP1","PP1","ISL1","ISL1 / WT",5057,327,256,0.884335763908273,0.227668694977844,Inf,0.402851930264134,1.94128334650021,1,-0.477453409588936,0.999828937009742
"PP1","PP1","JMJD6","JMJD6 / WT",5057,37,256,0.928675706967385,0.459686180215332,Inf,0.20479380429477,4.21125322458497,1,-0.149488916870696,0.999999956619209
"PP1","PP1","MAFB","MAFB / WT",5057,234,256,0.902561509519677,0.247731904514183,Inf,0.390315800844655,2.08707225457842,1,-0.373505362529214,0.999969288712422
"PP1","PP1","MEIS1","MEIS1 / WT",5057,146,256,0.678245754831377,0.20033339342495,Inf,0.2751780088214,1.6717080914898,1,-1.31443847852982,0.906920695329889
"PP1","PP1","MEN1","MEN1 / WT",5057,125,256,0.884176470539261,0.285355672827913,Inf,0.329964768011551,2.3692469828412,1,-0.381421867385268,0.999964394771067
"PP1","PP1","NCOA5","NCOA5 / WT",5057,266,256,1.67774952656644,0.49726678954723,Inf,0.678581238302006,4.14813041536105,1,1.74585774499215,0.682108635786655
"PP1","PP1","NEUROG3","NEUROG3 / WT",5057,236,256,1.34253178550999,0.391533018026143,Inf,0.550936353142696,3.27150601847796,1,1.01001043836502,0.977708883966744
"PP1","PP1","NKX6-1","(NKX6-1) / WT",5057,201,256,0.784867450246467,0.228527076756265,Inf,0.322550968898318,1.90982813215664,1,-0.831965429553759,0.993119816117666
"PP1","PP1","NOTCH1","NOTCH1 / WT",5057,193,256,1.11668883665097,0.331935640777133,Inf,0.450469348809223,2.76821044805207,1,0.371296717346867,0.99997054731037
"PP1","PP1","NOTCH2","NOTCH2 / WT",5057,150,256,1.26993778741559,0.415286082180152,Inf,0.467776454062359,3.44767670518748,1,0.73075982003698,0.996993324951019
"PP1","PP1","ONECUT1","ONECUT1 / WT",5057,211,256,1.09290924805039,0.317023205365326,Inf,0.450647319981283,2.65052197475328,1,0.306278930366623,0.999992479308964
"PP1","PP1","PAX6","PAX6 / WT",5057,251,256,0.781211029930495,0.207074715840487,Inf,0.347684867287942,1.75529834831621,1,-0.93149365939846,0.986208827173354
"PP1","PP1","PBX2","PBX2 / WT",5057,181,256,0.831360378697279,0.271504416237793,Inf,0.306634823584863,2.25401691558493,1,-0.565536052375416,0.99945338777728
"PP1","PP1","PDX1","PDX1 / WT",5057,383,256,1.08935119219437,0.381836521937037,Inf,0.373463320362727,3.17751692129423,1,0.244159885485944,0.999998512477926
"PP1","PP1","RFX3","RFX3 / WT",5057,142,256,0.637647875523329,0.188744117379836,Inf,0.258208840750401,1.5746742519651,1,-1.52016297918027,0.816852566318301
"PP1","PP1","RFX7","RFX7 / WT",5057,68,256,0.871922476387961,0.344431050430504,Inf,0.260929986732621,2.91361224652785,1,-0.346952249376196,0.999981764987975
"PP1","PP1","RREB1","RREB1 / WT",5057,82,256,1.23272669661994,0.49125301396059,Inf,0.364998649986879,4.16334446336758,1,0.525028045721358,0.999670833550954
"PP1","PP1","SIM1","SIM1 / WT",5057,248,256,1.09744480970716,0.309839135980581,Inf,0.463348981086461,2.59930454045489,1,0.329349749667379,0.999987394788929
"PP1","PP1","SIX2","SIX2 / WT",5057,236,256,1.08838439569801,0.306490506325247,Inf,0.460544223468928,2.57213212637079,1,0.300759898145656,0.99999339314582
"PP1","PP1","SIX3","SIX3 / WT",5057,212,256,0.917539180285327,0.287652530943107,Inf,0.352207065544314,2.39029318181792,1,-0.274509730642905,0.999996557552601
"PP2","Liver","CARM1","CARM1 / WT",1139,572,660,0.55708992562901,0.122559166374368,Inf,0.284526500144555,1.09075669605348,1,-2.65923432811766,0.144634598099745
"PP2","Liver","CBX4","CBX4 / WT",1139,592,660,0.827688620653355,0.162794070257057,Inf,0.453928357846036,1.50919950454255,1,-0.961527832739478,0.983319440703473
"PP2","Liver","DPY30","DPY30 / WT",1139,370,660,0.824882355852202,0.187094331799076,Inf,0.412620550611288,1.64904753286824,1,-0.848779405763896,0.992203425334444
"PP2","Liver","EOMES","EOMES / WT",1139,20,660,0.140083291334239,0.204818967718467,Inf,0.00161084202203693,12.1820316595784,1,-1.34429075107834,0.896053866108238
"PP2","Liver","FEV","FEV / WT",1139,597,660,1.03401267412906,0.193778019325305,Inf,0.583386905378312,1.83271547647471,1,0.178475642165115,0.999999843986511
"PP2","Liver","GCM1","GCM1 / WT",1139,506,660,1.17990441253172,0.22444076836017,Inf,0.659998821222743,2.10935895329723,1,0.869697756459173,0.990931831772087
"PP2","Liver","HES1","HES1 / WT",1139,385,660,0.0541868736936111,0.0348419426872123,Inf,0.00760388861219679,0.386146803357641,1,-4.53395761707922,0.00016737865049643
"PP2","Liver","HNF1A","HNF1A / WT",1139,470,660,0.949253564979908,0.19330137106375,Inf,0.509664350444676,1.76799167891747,1,-0.255748233875891,0.99999792591596
"PP2","Liver","HNF4A","HNF4A / WT",1139,274,660,0.805352117858924,0.204630221382588,Inf,0.370653567974712,1.74986048909181,1,-0.851971664616235,0.99201905054822
"PP2","Liver","INSM1","INSM1 / WT",1139,117,660,0.397003974329815,0.194096108778978,Inf,0.08919156291227,1.76711956251622,1,-1.88955791974381,0.584117481327082
"PP2","Liver","ISL1","ISL1 / WT",1139,467,660,1.24736028534888,0.240187956661346,Inf,0.692767906739127,2.24592921573019,1,1.14786553923735,0.954085102574095
"PP2","Liver","JMJD6","JMJD6 / WT",1139,97,660,0.683009880530121,0.27902757771678,Inf,0.196139416887096,2.37842298251709,1,-0.93322228233557,0.98605379784565
"PP2","Liver","MAFB","MAFB / WT",1139,498,660,0.979068725936449,0.194671742686927,Inf,0.53343791601866,1.7969768202103,1,-0.106387655783518,0.999999996300406
"PP2","Liver","MEIS1","MEIS1 / WT",1139,414,660,0.836159286145406,0.182453983787003,Inf,0.429403978106978,1.62821582345242,1,-0.820037582418274,0.993716494115471
"PP2","Liver","MEN1","MEN1 / WT",1139,201,660,1.41180854704411,0.341950678081278,Inf,0.673776824566803,2.95825457455934,1,1.42386788202321,0.863393054185998
"PP2","Liver","NCOA5","NCOA5 / WT",1139,531,660,0.907635451559839,0.180294688356388,Inf,0.494807213227581,1.66489511653367,1,-0.487874549713462,0.999801381388664
"PP2","Liver","NEUROG3","NEUROG3 / WT",1139,539,660,1.28800653745579,0.237370935825137,Inf,0.733626113151132,2.26131650821854,1,1.37333123519359,0.884756352658167
"PP2","Liver","NKX6-1","(NKX6-1) / WT",1139,394,660,0.90635137611898,0.197780359641239,Inf,0.465434775913958,1.76495796941617,1,-0.450600422773523,0.999885550973006
"PP2","Liver","NOTCH1","NOTCH1 / WT",1139,233,660,0.955900349282183,0.244488121829855,Inf,0.437690746473089,2.08765089305807,1,-0.176338396365754,0.999999856974502
"PP2","Liver","NOTCH2","NOTCH2 / WT",1139,262,660,0.927077976675128,0.229466569410478,Inf,0.435326969138,1.97431731954928,1,-0.305910003919909,0.999992543590675
"PP2","Liver","ONECUT1","ONECUT1 / WT",1139,262,660,0.967141743916968,0.23646968090259,Inf,0.458336962296525,2.04077617510938,1,-0.136645051974719,0.999999977344992
"PP2","Liver","PAX6","PAX6 / WT",1139,532,660,1.07965939189242,0.206340602177817,Inf,0.602273036468015,1.93544178789317,1,0.40104155753759,0.999949330298181
"PP2","Liver","PBX2","PBX2 / WT",1139,408,660,0.900269381216877,0.203095020909721,Inf,0.452011163993033,1.79306402876614,1,-0.465710209363392,0.999856061214981
"PP2","Liver","PDX1","PDX1 / WT",1139,556,660,1.64250461847609,0.328989735036446,Inf,0.890913326023683,3.02815250699659,1,2.47742499292924,0.218758699318831
"PP2","Liver","RFX3","RFX3 / WT",1139,165,660,1.07472891241671,0.302388636410933,Inf,0.455097537800507,2.53801029284126,1,0.256140751465746,0.999997903002794
"PP2","Liver","RFX7","RFX7 / WT",1139,180,660,0.465910012808008,0.168811315652902,Inf,0.154070441187375,1.40891489867783,1,-2.10794353531061,0.432939293038623
"PP2","Liver","RREB1","RREB1 / WT",1139,101,660,0.370426688823267,0.18921362258278,Inf,0.0778372522689664,1.76285683002299,1,-1.94420802100827,0.545907682198752
"PP2","Liver","SIM1","SIM1 / WT",1139,441,660,1.30017819659995,0.252141876185202,Inf,0.71908349705201,2.35085821026934,1,1.35359707083883,0.892511498452325
"PP2","Liver","SIX2","SIX2 / WT",1139,491,660,0.927465089881439,0.18731882467463,Inf,0.500506873362266,1.71864071949753,1,-0.372830848874214,0.999969677841658
"PP2","Liver","SIX3","SIX3 / WT",1139,411,660,0.734946601306274,0.170253625930085,Inf,0.362237597356549,1.49113871865702,1,-1.3293829602916,0.901575064510318
"PP2","Mesenchyme","CARM1","CARM1 / WT",696,572,660,0.514655561810163,0.267077028522732,Inf,0.105487174153746,2.51092466384671,1,-1.28001938065221,0.9185160155159
"PP2","Mesenchyme","CBX4","CBX4 / WT",696,592,660,0.887715538340203,0.435774098051148,Inf,0.198226187119864,3.97545293313906,1,-0.242626643398216,0.999998578200565
"PP2","Mesenchyme","DPY30","DPY30 / WT",696,370,660,2.33548465829037,1.13908587492303,Inf,0.526575599114263,10.3584150087557,1,1.73911687780323,0.686542731005082
"PP2","Mesenchyme","EOMES","EOMES / WT",696,20,660,492.703391968234,506.927698365954,Inf,21.2770274485999,11409.3302292082,1,6.02593899098285,5.03275010554916e-08
"PP2","Mesenchyme","FEV","FEV / WT",696,597,660,0.754305161539104,0.38099656999806,Inf,0.161286017990706,3.52774706582017,1,-0.558227014726963,0.99949964470308
"PP2","Mesenchyme","GCM1","GCM1 / WT",696,506,660,0.921777268369859,0.461133974026134,Inf,0.200023920818364,4.24785860114682,1,-0.162816647673216,0.999999919593652
"PP2","Mesenchyme","HES1","HES1 / WT",696,385,660,0.4260084130565,0.238962530564195,Inf,0.0768078500727441,2.36282056877047,1,-1.52120649347394,0.816307918793737
"PP2","Mesenchyme","HNF1A","HNF1A / WT",696,470,660,0.763433968739705,0.398835691328274,Inf,0.15482410984646,3.76447457184578,1,-0.51668569211291,0.999705091997575
"PP2","Mesenchyme","HNF4A","HNF4A / WT",696,274,660,1.39902122553654,0.768299403397362,Inf,0.261466525538464,7.48570160356467,1,0.611419671183628,0.999074272518451
"PP2","Mesenchyme","INSM1","INSM1 / WT",696,117,660,2.51867975054507,4.59049391274629,Inf,0.00963243954286485,658.581624891156,1,0.506828310896591,0.999741671583972
"PP2","Mesenchyme","ISL1","ISL1 / WT",696,467,660,2.09730751564412,1.00623941059619,Inf,0.484501162368375,9.07881994271234,1,1.54374793446486,0.804341262604404
"PP2","Mesenchyme","JMJD6","JMJD6 / WT",696,97,660,6.13908881982122,3.68574928397322,Inf,0.981247631100438,38.4086649925336,1,3.02257650036051,0.0548546269227463
"PP2","Mesenchyme","MAFB","MAFB / WT",696,498,660,1.80812044786155,0.886373386185726,Inf,0.404586003149729,8.0806046885541,1,1.20821297434065,0.939554461747142
"PP2","Mesenchyme","MEIS1","MEIS1 / WT",696,414,660,0.964389060333738,0.505333234819964,Inf,0.194642287382166,4.77823330274225,1,-0.0692002904086571,0.999999999836388
"PP2","Mesenchyme","MEN1","MEN1 / WT",696,201,660,0.331659121986624,0.236696063493577,Inf,0.03750500889839,2.9328822050129,1,-1.54643377450027,0.802890061316791
"PP2","Mesenchyme","NCOA5","NCOA5 / WT",696,531,660,0.756576415798279,0.380320970983403,Inf,0.162966394966761,3.51242888485642,1,-0.554921560064633,0.999519465513869
"PP2","Mesenchyme","NEUROG3","NEUROG3 / WT",696,539,660,0.58055307030397,0.30277856802047,Inf,0.118055891581531,2.85493475102513,1,-1.04264216033829,0.973205028449919
"PP2","Mesenchyme","NKX6-1","(NKX6-1) / WT",696,394,660,0.663153574624911,0.415211863223904,Inf,0.0979813654100212,4.48832960938528,1,-0.656025223100387,0.998518862512997
"PP2","Mesenchyme","NOTCH1","NOTCH1 / WT",696,233,660,0.972590974532081,0.55515644579272,Inf,0.170148955399118,5.55944173458126,1,-0.0486888311477085,0.999999999987276
"PP2","Mesenchyme","NOTCH2","NOTCH2 / WT",696,262,660,0.729192180163733,0.420656945274565,Inf,0.125221154074351,4.24625726813078,1,-0.547457945105061,0.999561822624703
"PP2","Mesenchyme","ONECUT1","ONECUT1 / WT",696,262,660,3.33209640197817,1.67701367196533,Inf,0.716409915362679,15.4979240152687,1,2.39146335810554,0.261412604191143
"PP2","Mesenchyme","PAX6","PAX6 / WT",696,532,660,0.806166334882656,0.405358589779176,Inf,0.173576084271002,3.74420336895863,1,-0.428511408007386,0.999919398074812
"PP2","Mesenchyme","PBX2","PBX2 / WT",696,408,660,2.10386494654085,1.28793037382456,Inf,0.32437091621179,13.6456368067022,1,1.21497598386608,0.937750597594811
"PP2","Mesenchyme","PDX1","PDX1 / WT",696,556,660,2.20944339636389,1.50808675806824,Inf,0.274752780233364,17.7673911710365,1,1.16141563732618,0.951062377899418
"PP2","Mesenchyme","RFX3","RFX3 / WT",696,165,660,2.21393318512609,1.27635799958007,Inf,0.380618563410891,12.8777222641955,1,1.37858588993515,0.882635618123973
"PP2","Mesenchyme","RFX7","RFX7 / WT",696,180,660,2.74578935493805,1.54895084194367,Inf,0.490264480673072,15.378146855225,1,1.79052525087756,0.652279000273631
"PP2","Mesenchyme","RREB1","RREB1 / WT",696,101,660,4.53355751762413,2.92296364393253,Inf,0.632802541547861,32.4795531246326,1,2.34436844064822,0.286805178211359
"PP2","Mesenchyme","SIM1","SIM1 / WT",696,441,660,0.462809458105058,0.267242361145144,Inf,0.0793419472335884,2.69961353331673,1,-1.33424523957863,0.899795019930049
"PP2","Mesenchyme","SIX2","SIX2 / WT",696,491,660,0.557003297532766,0.288311811164762,Inf,0.114632027040825,2.70650952854459,1,-1.13054502546232,0.957753610159268
"PP2","Mesenchyme","SIX3","SIX3 / WT",696,411,660,4.10814566220578,2.63306395588222,Inf,0.580120276558465,29.0920029239821,1,2.2045396014958,0.369911096712443
"PP2","Neurog3+","CARM1","CARM1 / WT",885,572,660,0.663119182314706,0.149765703846133,Inf,0.332680794778845,1.32176866490307,1,-1.81890588453828,0.632978784604754
"PP2","Neurog3+","CBX4","CBX4 / WT",885,592,660,0.212745616394559,0.0587436704723267,Inf,0.0915414566845034,0.494428414560752,1,-5.60498649911386,6.21523208010899e-07
"PP2","Neurog3+","DPY30","DPY30 / WT",885,370,660,0.189479450351577,0.0630575577495712,Inf,0.0685725959735056,0.523568658818273,1,-4.99851696468036,1.70461609388939e-05
"PP2","Neurog3+","EOMES","EOMES / WT",885,20,660,0.295839991884445,0.288497923968525,Inf,0.0150519433581186,5.81461800086978,1,-1.24893216141979,0.928140052049915
"PP2","Neurog3+","FEV","FEV / WT",885,597,660,0.249437049209905,0.0664679529089958,Inf,0.110539494593434,0.56286526139265,1,-5.21086442567157,5.57563124259364e-06
"PP2","Neurog3+","GCM1","GCM1 / WT",885,506,660,0.185792976107518,0.0555578525053344,Inf,0.0745418192745717,0.46308274075978,1,-5.62858856394754,5.42331906383531e-07
"PP2","Neurog3+","HES1","HES1 / WT",885,385,660,69.4655475176606,18.3893112930344,Inf,30.9486798542018,155.918194723037,1,16.0197212626807,0
"PP2","Neurog3+","HNF1A","HNF1A / WT",885,470,660,0.185032871809761,0.0572933939355117,Inf,0.0718702692066796,0.47637450127967,1,-5.44899630954718,1.50878179772107e-06
"PP2","Neurog3+","HNF4A","HNF4A / WT",885,274,660,0.0768526712655903,0.0399073538003141,Inf,0.0157364728506394,0.37532763133874,1,-4.94128436067241,2.285825067605e-05
"PP2","Neurog3+","INSM1","INSM1 / WT",885,117,660,0.0288022621516919,0.0361779624037013,Inf,0.000621418020513794,1.33496338643171,1,-2.82410330951746,0.0953107335308873
"PP2","Neurog3+","ISL1","ISL1 / WT",885,467,660,0.652507163913347,0.152855052041987,Inf,0.319057984604551,1.33444583587508,1,-1.82249092932517,0.630524673000036
"PP2","Neurog3+","JMJD6","JMJD6 / WT",885,97,660,0.151585618854936,0.0916958774967983,Inf,0.0238953996672371,0.961616050102696,1,-3.11881127760677,0.0411714472913047
"PP2","Neurog3+","MAFB","MAFB / WT",885,498,660,0.181807953575468,0.0553240738719435,Inf,0.0717786769017062,0.460500714279868,1,-5.60238912781415,6.30894442688046e-07
"PP2","Neurog3+","MEIS1","MEIS1 / WT",885,414,660,0.0550788638162667,0.0275933577633971,Inf,0.0119260143710354,0.254375111827697,1,-5.78664744429736,2.14628847916565e-07
"PP2","Neurog3+","MEN1","MEN1 / WT",885,201,660,0.0158592191841598,0.0180149222854466,Inf,0.000493864743389928,0.509278778243624,1,-3.64812411539385,0.00688986670797886
"PP2","Neurog3+","NCOA5","NCOA5 / WT",885,531,660,0.186104972501648,0.0554313469067458,Inf,0.0749368128015916,0.462190203919421,1,-5.64527439031751,4.92349607972287e-07
"PP2","Neurog3+","NEUROG3","NEUROG3 / WT",885,539,660,0.0249155842409753,0.0155600627360281,Inf,0.00369939371645632,0.167807588391482,1,-5.91224222115155,1.00959552051805e-07
"PP2","Neurog3+","NKX6-1","(NKX6-1) / WT",885,394,660,0.259540127969759,0.079483950824586,Inf,0.101859396743374,0.661314323275141,1,-4.40440023979288,0.000304079898645337
"PP2","Neurog3+","NOTCH1","NOTCH1 / WT",885,233,660,0.273681099852933,0.0949922466391403,Inf,0.0948133587699504,0.789987248510491,1,-3.73329103730159,0.00500693442998446
"PP2","Neurog3+","NOTCH2","NOTCH2 / WT",885,262,660,0.626157516118303,0.169765840724552,Inf,0.273571358070637,1.43316624136584,1,-1.72671791022239,0.694647345120831
"PP2","Neurog3+","ONECUT1","ONECUT1 / WT",885,262,660,0.0280057228349962,0.0222027145825023,Inf,0.00248714799494621,0.315349353196647,1,-4.50981613179782,0.000187325873788668
"PP2","Neurog3+","PAX6","PAX6 / WT",885,532,660,0.189655463937879,0.0557313040626388,Inf,0.0773037703499095,0.465296774512811,1,-5.65769949762481,4.58064570829642e-07
"PP2","Neurog3+","PBX2","PBX2 / WT",885,408,660,0.201214018390207,0.073451949105929,Inf,0.0659888501894539,0.613544274229601,1,-4.39231059322942,0.000321210480758061
"PP2","Neurog3+","PDX1","PDX1 / WT",885,556,660,0.0305232989013022,0.0190821001716382,Inf,0.00452297037451316,0.205986707555766,1,-5.58134991612696,7.12025494120638e-07
"PP2","Neurog3+","RFX3","RFX3 / WT",885,165,660,0.0385919722806602,0.0332954714145241,Inf,0.00276791247855913,0.538073488973373,1,-3.77245646955951,0.00431110801885892
"PP2","Neurog3+","RFX7","RFX7 / WT",885,180,660,0.240160867397381,0.097727214505254,Inf,0.0693051624634644,0.832221441793291,1,-3.50543686611066,0.0115389123935933
"PP2","Neurog3+","RREB1","RREB1 / WT",885,101,660,0.740520636950673,0.263196110655287,Inf,0.25010016540897,2.19260476238838,1,-0.845201376590605,0.992406069512983
"PP2","Neurog3+","SIM1","SIM1 / WT",885,441,660,0.118546190317296,0.0430659315902047,Inf,0.0390871721583815,0.359534815713989,1,-5.86993297815304,1.30389328334424e-07
"PP2","Neurog3+","SIX2","SIX2 / WT",885,491,660,0.130956667885284,0.044285676306075,Inf,0.0466213010229728,0.367850070403782,1,-6.01143223556282,5.50414352984419e-08
"PP2","Neurog3+","SIX3","SIX3 / WT",885,411,660,0.194852367257047,0.0688657995316571,Inf,0.0662107360592457,0.573433362705736,1,-4.62760326636679,0.0001075266739895
"PP2","PP1","CARM1","CARM1 / WT",805,572,660,1.45535137749875,0.348214164982388,Inf,0.700828085797546,3.02220712170398,1,1.56833589464602,0.790859251922641
"PP2","PP1","CBX4","CBX4 / WT",805,592,660,1.20381795243266,0.293277660989594,Inf,0.572036482996281,2.53336580039175,1,0.761414906550966,0.996079863799147
"PP2","PP1","DPY30","DPY30 / WT",805,370,660,1.1068787052175,0.310989074020852,Inf,0.469287742210898,2.61072335342048,1,0.361417766312898,0.99997565462929
"PP2","PP1","EOMES","EOMES / WT",805,20,660,0.204336692441698,0.320298607395853,Inf,0.00170308772494924,24.5163436189156,1,-1.01306667817059,0.977312998031184
"PP2","PP1","FEV","FEV / WT",805,597,660,0.799829660013669,0.213374376145337,Inf,0.354121448886908,1.80652001466843,1,-0.837247451448569,0.992841652045601
"PP2","PP1","GCM1","GCM1 / WT",805,506,660,0.903203997202357,0.243768662886152,Inf,0.396099492284105,2.05952665038306,1,-0.377211509650283,0.999967074023603
"PP2","PP1","HES1","HES1 / WT",805,385,660,0.0630706927880878,0.0509606882593367,Inf,0.005347120531718,0.743935406949069,1,-3.42020108177049,0.0155196780625174
"PP2","PP1","HNF1A","HNF1A / WT",805,470,660,1.31296086795959,0.333512977158184,Inf,0.604407172258933,2.85216046386472,1,1.07192013641931,0.968619533366572
"PP2","PP1","HNF4A","HNF4A / WT",805,274,660,1.47232888756247,0.422859308223851,Inf,0.612437949975608,3.53954609317934,1,1.34693426936467,0.895055118647597
"PP2","PP1","INSM1","INSM1 / WT",805,117,660,1.71711214544597,0.821568594470452,Inf,0.398270906611132,7.40318730566207,1,1.12996797094152,0.957872117291146
"PP2","PP1","ISL1","ISL1 / WT",805,467,660,1.55720211160771,0.382125318244899,Inf,0.735971702572045,3.29479843847412,1,1.8048276025753,0.642582267572649
"PP2","PP1","JMJD6","JMJD6 / WT",805,97,660,1.10061624232267,0.499902741800798,Inf,0.274909507071494,4.40638130622902,1,0.211073751020849,0.999999477473274
"PP2","PP1","MAFB","MAFB / WT",805,498,660,0.72664190472898,0.20831752098907,Inf,0.302737527020228,1.74411300411026,1,-1.11383993784693,0.961089104215795
"PP2","PP1","MEIS1","MEIS1 / WT",805,414,660,1.30874334273729,0.342467359275975,Inf,0.588533907856564,2.91029813965555,1,1.02824445694299,0.975268468382708
"PP2","PP1","MEN1","MEN1 / WT",805,201,660,1.43605807333267,0.454977970452922,Inf,0.545685042815416,3.77921809867441,1,1.14227983458212,0.95529188053823
"PP2","PP1","NCOA5","NCOA5 / WT",805,531,660,1.47887946721918,0.357527071413166,Inf,0.706761326971851,3.09451634533137,1,1.61851488091184,0.762031638868185
"PP2","PP1","NEUROG3","NEUROG3 / WT",805,539,660,1.30692735146991,0.321014827792576,Inf,0.61724566030438,2.76722739723739,1,1.08978395626986,0.965553758010621
"PP2","PP1","NKX6-1","(NKX6-1) / WT",805,394,660,1.08859104008697,0.306650380920501,Inf,0.460500274409917,2.57335449816206,1,0.301334108286753,0.999993302724277
"PP2","PP1","NOTCH1","NOTCH1 / WT",805,233,660,2.88049140501166,0.74937521639552,Inf,1.30137125775178,6.37575994161742,1,4.06665076567185,0.00132514361724911
"PP2","PP1","NOTCH2","NOTCH2 / WT",805,262,660,2.05985920992999,0.552203960952485,Inf,0.908370515771385,4.6710234326906,1,2.69561954412431,0.132360035435618
"PP2","PP1","ONECUT1","ONECUT1 / WT",805,262,660,1.24377069658072,0.377131790871395,Inf,0.492673726235905,3.13993919970507,1,0.719445193803618,0.997283283382288
"PP2","PP1","PAX6","PAX6 / WT",805,532,660,1.50703356062083,0.361100057394562,Inf,0.724951149300406,3.13283199154759,1,1.71171269057949,0.704362005823695
"PP2","PP1","PBX2","PBX2 / WT",805,408,660,1.22558767079478,0.354910906441735,Inf,0.506110104908773,2.96786237665599,1,0.702456880057091,0.997675640534596
"PP2","PP1","PDX1","PDX1 / WT",805,556,660,1.31171412136325,0.388776096270993,Inf,0.530537027832513,3.2431175317078,1,0.915472053906816,0.98758331070654
"PP2","PP1","RFX3","RFX3 / WT",805,165,660,1.41370719774537,0.481561370409054,Inf,0.499510126204284,4.00105610699814,1,1.01637576275584,0.976878444053299
"PP2","PP1","RFX7","RFX7 / WT",805,180,660,0.893112440025288,0.344232135024063,Inf,0.275219364992766,2.89823294428752,1,-0.293290238544261,0.999994477750105
"PP2","PP1","RREB1","RREB1 / WT",805,101,660,1.22964227915267,0.527756918341917,Inf,0.331513785445132,4.56095704330829,1,0.481653006147111,0.999818247372678
"PP2","PP1","SIM1","SIM1 / WT",805,441,660,1.55517445544836,0.387617994142542,Inf,0.726417446223623,3.32944589843258,1,1.77170814276568,0.664934789388067
"PP2","PP1","SIX2","SIX2 / WT",805,491,660,1.51706373894577,0.369713223936288,Inf,0.720709641379769,3.19335590352034,1,1.7101818437526,0.705347111203702
"PP2","PP1","SIX3","SIX3 / WT",805,411,660,0.709521255531972,0.229192144593661,Inf,0.264552968487796,1.90290970813616,1,-1.06235201677196,0.970176960901484
"PP2","PP2","CARM1","CARM1 / WT",8180,572,660,1.18900346536016,0.226584932026851,Inf,0.664382752631006,2.12788371618618,1,0.908423017705192,0.98815331589578
"PP2","PP2","CBX4","CBX4 / WT",8180,592,660,1.761112085084,0.337180159814865,Inf,0.981385565624158,3.16034378828097,1,2.95596697588871,0.0664254103097727
"PP2","PP2","DPY30","DPY30 / WT",8180,370,660,1.377525484676,0.280051809943537,Inf,0.74036405199395,2.56303160022597,1,1.57544396142786,0.786880779645167
"PP2","PP2","EOMES","EOMES / WT",8180,20,660,0.129783265345238,0.0753928051204081,Inf,0.0220143527666298,0.765123378471743,1,-3.51496505022862,0.0111567769971108
"PP2","PP2","FEV","FEV / WT",8180,597,660,1.51889571299371,0.289870832004569,Inf,0.848002310324525,2.72056356316738,1,2.19019430978117,0.379019677008091
"PP2","PP2","GCM1","GCM1 / WT",8180,506,660,1.66091370414421,0.323890015653425,Inf,0.915573279072819,3.01301315325372,1,2.60179139865029,0.165715538280874
"PP2","PP2","HES1","HES1 / WT",8180,385,660,0.0112048096716522,0.0040745149833316,Inf,0.0036904485067321,0.0340196481671338,1,-12.3512660014777,0
"PP2","PP2","HNF1A","HNF1A / WT",8180,470,660,1.60389014696844,0.318671016979434,Inf,0.874260105769385,2.94244651742238,1,2.37777840434889,0.268646729840295
"PP2","PP2","HNF4A","HNF4A / WT",8180,274,660,1.65144220342509,0.366938671509767,Inf,0.837820055260464,3.25518747627215,1,2.25771864004421,0.337033724651679
"PP2","PP2","INSM1","INSM1 / WT",8180,117,660,1.5318103824918,0.836004983967924,Inf,0.289277825382878,8.11138235294741,1,0.781384080360062,0.995373171013848
"PP2","PP2","ISL1","ISL1 / WT",8180,467,660,0.638594639814262,0.121672175369947,Inf,0.356868455509189,1.14272670420714,1,-2.35386904806438,0.281570554095689
"PP2","PP2","JMJD6","JMJD6 / WT",8180,97,660,0.838290931684187,0.230581825209919,Inf,0.36187427583964,1.94192218972578,1,-0.641274270915105,0.998726658263187
"PP2","PP2","MAFB","MAFB / WT",8180,498,660,1.51663898617071,0.296081964587452,Inf,0.835492725708643,2.75309855321836,1,2.13344680915277,0.415937852592129
"PP2","PP2","MEIS1","MEIS1 / WT",8180,414,660,1.90562622485599,0.39020441340598,Inf,1.01962832774489,3.56150492296591,1,3.14903702406394,0.0375291058266729
"PP2","PP2","MEN1","MEN1 / WT",8180,201,660,1.58768463448566,0.371466306572261,Inf,0.777023577211684,3.24410040120975,1,1.97581767229533,0.52379710760157
"PP2","PP2","NCOA5","NCOA5 / WT",8180,531,660,1.35590467364348,0.262533493651942,Inf,0.750605778262604,2.44932498156846,1,1.57248807238635,0.788539566114132
"PP2","PP2","NEUROG3","NEUROG3 / WT",8180,539,660,1.5808480159199,0.305884498876345,Inf,0.875473971187946,2.85454568803095,1,2.3667999129921,0.274536294853754
"PP2","PP2","NKX6-1","(NKX6-1) / WT",8180,394,660,1.78305522956854,0.385060915829588,Inf,0.921987531692043,3.4482960369942,1,2.67799530507954,0.138202972553573
"PP2","PP2","NOTCH1","NOTCH1 / WT",8180,233,660,1.02263809050394,0.223441740272607,Inf,0.524703013834551,1.99310588385395,1,0.102453641982618,0.999999997184299
"PP2","PP2","NOTCH2","NOTCH2 / WT",8180,262,660,0.812689361932852,0.17178821843533,Inf,0.426138494799397,1.54988109982821,1,-0.981190214389841,0.98119162650598
"PP2","PP2","ONECUT1","ONECUT1 / WT",8180,262,660,1.38746942130359,0.302282854020875,Inf,0.713262588643471,2.69896588676234,1,1.50313059333458,0.825623604911323
"PP2","PP2","PAX6","PAX6 / WT",8180,532,660,1.39922254174078,0.268205140662683,Inf,0.779190823290163,2.51263703677688,1,1.75247310562976,0.677738736312295
"PP2","PP2","PBX2","PBX2 / WT",8180,408,660,1.19627199790021,0.288692319509603,Inf,0.572451360743597,2.49989220237199,1,0.742603641516388,0.996663442110587
"PP2","PP2","PDX1","PDX1 / WT",8180,556,660,0.968894007374043,0.263925263831778,Inf,0.421669123523624,2.22628488820984,1,-0.116006724848355,0.999999993074483
"PP2","PP2","RFX3","RFX3 / WT",8180,165,660,1.43071297056789,0.352777200765857,Inf,0.673752898539031,3.03811621232324,1,1.45259561508781,0.850295711993143
"PP2","PP2","RFX7","RFX7 / WT",8180,180,660,1.61108352229772,0.401322457001138,Inf,0.752861360047024,3.44763359306568,1,1.91451266170355,0.566688944533132
"PP2","PP2","RREB1","RREB1 / WT",8180,101,660,0.929672273867682,0.254754011604,Inf,0.402593934094456,2.14680466744322,1,-0.266118005280014,0.999997243087408
"PP2","PP2","SIM1","SIM1 / WT",8180,441,660,1.39417608863875,0.278136274502259,Inf,0.758064526615763,2.5640653241083,1,1.66569343261473,0.733451954919036
"PP2","PP2","SIX2","SIX2 / WT",8180,491,660,1.49558163414754,0.292180582360483,Inf,0.823540183910342,2.71603555976928,1,2.06035018472469,0.465221598354652
"PP2","PP2","SIX3","SIX3 / WT",8180,411,660,1.611041806024,0.385761922745936,Inf,0.775365198771241,3.34739772286687,1,1.99157892352749,0.512796747132783
"S5_1","Early_Alpha","CARM1","CARM1 / WT",1395,558,453,1.95496729684455,0.334352106051202,Inf,1.15955782482771,3.29599529225684,1,3.91969476995805,0.00241808125967169
"S5_1","Early_Alpha","CBX4","CBX4 / WT",1395,515,453,1.00382144113316,0.189778134521479,Inf,0.563503243288357,1.78820174982209,1,0.0201747876050295,1
"S5_1","Early_Alpha","DPY30","DPY30 / WT",1395,401,453,0.9028050128151,0.185597534615346,Inf,0.481856790755855,1.69149196773911,1,-0.4973698731185,0.999773114010397
"S5_1","Early_Alpha","EOMES","EOMES / WT",1395,3,453,0.366067906905083,0.656649051766815,Inf,0.0015286583017633,87.6623064234126,1,-0.56023072386832,0.999487301300045
"S5_1","Early_Alpha","FEV","FEV / WT",1395,597,453,1.18423022233239,0.211587184263896,Inf,0.686199812813095,2.04372136701152,1,0.946394729889303,0.984827940726724
"S5_1","Early_Alpha","GCM1","GCM1 / WT",1395,450,453,1.36568466337642,0.253844700191165,Inf,0.774124920246354,2.40929409582632,1,1.67670889274697,0.726591333735371
"S5_1","Early_Alpha","HES1","HES1 / WT",1395,162,453,3.52799253143591,0.758125539717962,Inf,1.83021964285407,6.80067627427383,1,5.86689451541384,1.32797787655292e-07
"S5_1","Early_Alpha","HNF1A","HNF1A / WT",1395,300,453,0.906052924325585,0.202415142702159,Inf,0.4579684300329,1.79255129359019,1,-0.441612069603644,0.999900540134009
"S5_1","Early_Alpha","HNF4A","HNF4A / WT",1395,288,453,0.677288465435182,0.165274711767927,Inf,0.321443378951598,1.4270621062648,1,-1.59680127804024,0.77471513714135
"S5_1","Early_Alpha","INSM1","INSM1 / WT",1395,109,453,0.0836035921999199,0.0694001978301405,Inf,0.00662493486388097,1.0550383924282,1,-2.98956533349977,0.0603574788534386
"S5_1","Early_Alpha","ISL1","ISL1 / WT",1395,458,453,0.0219134351280997,0.0170464682152342,Inf,0.0020366548443591,0.235778114511368,1,-4.91149733725266,2.659405920169e-05
"S5_1","Early_Alpha","JMJD6","JMJD6 / WT",1395,47,453,0.608588393146828,0.321404820821375,Inf,0.12129448446231,3.05355873282209,1,-0.940349854568488,0.985400349531728
"S5_1","Early_Alpha","MAFB","MAFB / WT",1395,387,453,0.681863996321561,0.150794718215098,Inf,0.347030306474551,1.3397634177916,1,-1.73151165194334,0.691521963559544
"S5_1","Early_Alpha","MEIS1","MEIS1 / WT",1395,1359,453,0.954084743236139,0.152800320350015,Inf,0.585007982483433,1.55600901958931,1,-0.293485230789532,0.999994451506778
"S5_1","Early_Alpha","MEN1","MEN1 / WT",1395,153,453,0.865129351145286,0.246770576595805,Inf,0.36202800905204,2.06737814616293,1,-0.507907761881026,0.999737861578656
"S5_1","Early_Alpha","NCOA5","NCOA5 / WT",1395,652,453,0.698681300537325,0.133715505168148,Inf,0.389432826601296,1.25350388148019,1,-1.8735267084166,0.595279923614461
"S5_1","Early_Alpha","NEUROG3","NEUROG3 / WT",1395,453,453,0.0357870088740403,0.0225661844114596,Inf,0.00521614638174984,0.245528002939405,1,-5.28121338778367,3.81205169808219e-06
"S5_1","Early_Alpha","NKX6-1","(NKX6-1) / WT",1395,382,453,1.11581003388408,0.224580948551889,Inf,0.603430324422241,2.06325731625842,1,0.544441396630047,0.999578033527496
"S5_1","Early_Alpha","NOTCH1","NOTCH1 / WT",1395,348,453,1.24229084254397,0.249621791880123,Inf,0.672518882778648,2.29478543575194,1,1.07972886641774,0.967305019812717
"S5_1","Early_Alpha","NOTCH2","NOTCH2 / WT",1395,224,453,0.399962126220461,0.126103611018162,Inf,0.152695189207957,1.04764074913275,1,-2.9064945752438,0.0762750666739783
"S5_1","Early_Alpha","ONECUT1","ONECUT1 / WT",1395,243,453,0.652199933948091,0.170407337368617,Inf,0.293644959950969,1.44856820942174,1,-1.63580360515783,0.751715669180861
"S5_1","Early_Alpha","PAX6","PAX6 / WT",1395,499,453,0.164578329396258,0.0522225349449083,Inf,0.0624448844053167,0.43375893421555,1,-5.68643362987272,3.87418020220132e-07
"S5_1","Early_Alpha","PBX2","PBX2 / WT",1395,389,453,0.98847660528574,0.207112974167581,Inf,0.521258267322156,1.87447578379289,1,-0.0553163988808761,0.99999999996787
"S5_1","Early_Alpha","PDX1","PDX1 / WT",1395,1004,453,0.665630045268628,0.129958121478774,Inf,0.366664669515879,1.20836119211951,1,-2.0847144466549,0.448613292923951
"S5_1","Early_Alpha","RFX3","RFX3 / WT",1395,163,453,0.171724028577023,0.0863244901983654,Inf,0.0369886017453107,0.797249438996724,1,-3.50485505918254,0.011562624828232
"S5_1","Early_Alpha","RFX7","RFX7 / WT",1395,313,453,0.516969944120716,0.132548141316732,Inf,0.236259080762406,1.13120698794619,1,-2.57326535471438,0.176977913840114
"S5_1","Early_Alpha","RREB1","RREB1 / WT",1395,330,453,1.29228554902175,0.261841280166579,Inf,0.695999000355178,2.39943152124964,1,1.26549194723805,0.923112839101513
"S5_1","Early_Alpha","SIM1","SIM1 / WT",1395,462,453,0.325186873569136,0.0836543194875284,Inf,0.148224924433083,0.713419171209691,1,-4.36678451506058,0.000360432080693918
"S5_1","Early_Alpha","SIX2","SIX2 / WT",1395,407,453,0.887832065746437,0.1825087251611,Inf,0.473882660565353,1.66337754588275,1,-0.578754524828922,0.999360683589559
"S5_1","Early_Alpha","SIX3","SIX3 / WT",1395,360,453,0.813052493587885,0.180724353650623,Inf,0.412374630798301,1.603043223221,1,-0.931081055264374,0.986245633947757
"S5_1","Early_Beta","CARM1","CARM1 / WT",1072,558,453,4.56586671528153,0.905421703602833,Inf,2.49171671536502,8.36657663897468,1,7.65804853486223,6.13731288012787e-13
"S5_1","Early_Beta","CBX4","CBX4 / WT",1072,515,453,1.74460352009678,0.381638745108592,Inf,0.894428350365213,3.40289017123763,1,2.54408006317707,0.189054803551396
"S5_1","Early_Beta","DPY30","DPY30 / WT",1072,401,453,1.85125248947705,0.42259872450608,Inf,0.921898016813174,3.71747819964072,1,2.69787103723826,0.131627347337623
"S5_1","Early_Beta","EOMES","EOMES / WT",1072,3,453,6.62203301446023,7.33157526121372,Inf,0.225158925507777,194.757197147339,1,1.70745123944991,0.707101438581751
"S5_1","Early_Beta","FEV","FEV / WT",1072,597,453,0.829157257626458,0.200201728826865,Inf,0.396624214417879,1.73338321989157,1,-0.775911563634752,0.995576264559221
"S5_1","Early_Beta","GCM1","GCM1 / WT",1072,450,453,1.85028494474414,0.411930553310535,Inf,0.937443320964607,3.65201212722289,1,2.76394572766826,0.111477345751443
"S5_1","Early_Beta","HES1","HES1 / WT",1072,162,453,5.45609869646489,1.32675004061832,Inf,2.59626008964094,11.4661135470765,1,6.97761291597854,9.0101925920294e-11
"S5_1","Early_Beta","HNF1A","HNF1A / WT",1072,300,453,0.805932794306377,0.238118121448057,Inf,0.326896720638922,1.9869507031731,1,-0.730242477465823,0.997007107970317
"S5_1","Early_Beta","HNF4A","HNF4A / WT",1072,288,453,0.952535231967175,0.272597360865246,Inf,0.39746224178093,2.28279135163448,1,-0.169921154467986,0.999999890548455
"S5_1","Early_Beta","INSM1","INSM1 / WT",1072,109,453,0.051441095365587,0.0668811520513927,Inf,0.000970095005473274,2.72775993844071,1,-2.28228848728527,0.322350923991878
"S5_1","Early_Beta","ISL1","ISL1 / WT",1072,458,453,0.0147615935535747,0.0176838018271359,Inf,0.00038034727143041,0.572909708071368,1,-3.51908722759933,0.0109950285000564
"S5_1","Early_Beta","JMJD6","JMJD6 / WT",1072,47,453,0.790171117648652,0.491281791269492,Inf,0.118319146191141,5.27700220349351,1,-0.378784328791176,0.999966093948525
"S5_1","Early_Beta","MAFB","MAFB / WT",1072,387,453,0.493249342537391,0.155141546489042,Inf,0.18874698436235,1.2890002705765,1,-2.24697560763911,0.343557406949637
"S5_1","Early_Beta","MEIS1","MEIS1 / WT",1072,1359,453,1.16069770534166,0.230342984007737,Inf,0.633134124782516,2.12785744829056,1,0.750917920234264,0.996414847648371
"S5_1","Early_Beta","MEN1","MEN1 / WT",1072,153,453,0.83442891463283,0.310348261156364,Inf,0.267959693962831,2.59841919983646,1,-0.486672865586062,0.999804737708132
"S5_1","Early_Beta","NCOA5","NCOA5 / WT",1072,652,453,1.97737377169108,0.410119181057537,Inf,1.04951626763208,3.72553256539186,1,3.28712569580013,0.0242158194909072
"S5_1","Early_Beta","NEUROG3","NEUROG3 / WT",1072,453,453,0.0197463720032654,0.0212867254171581,Inf,0.000733902377516083,0.531295740737395,1,-3.64077954725446,0.00707936243233909
"S5_1","Early_Beta","NKX6-1","(NKX6-1) / WT",1072,382,453,0.118404593566028,0.0642520174348994,Inf,0.0225740749885602,0.62105081978513,1,-3.93191849772394,0.00230220188700836
"S5_1","Early_Beta","NOTCH1","NOTCH1 / WT",1072,348,453,2.01288158981551,0.467332868523204,Inf,0.990536968698614,4.09039987668649,1,3.01315460243308,0.0563803367596208
"S5_1","Early_Beta","NOTCH2","NOTCH2 / WT",1072,224,453,0.317394671290626,0.144408664816873,Inf,0.0790898032801831,1.27373407424982,1,-2.52232138701804,0.198426036058304
"S5_1","Early_Beta","ONECUT1","ONECUT1 / WT",1072,243,453,0.552225804820825,0.198085730057641,Inf,0.184645125530375,1.65156452754471,1,-1.65539797448475,0.739802158260243
"S5_1","Early_Beta","PAX6","PAX6 / WT",1072,499,453,0.0495108582701515,0.0347642233337926,Inf,0.00579931403413573,0.422692248120747,1,-4.28049307690465,0.000529328351058234
"S5_1","Early_Beta","PBX2","PBX2 / WT",1072,389,453,1.56712523110259,0.382652416837604,Inf,0.743420771228133,3.30348785641438,1,1.83984163671271,0.618602751575426
"S5_1","Early_Beta","PDX1","PDX1 / WT",1072,1004,453,0.216750486412148,0.0681656084307588,Inf,0.0829521658663023,0.566359815554711,1,-4.86188455177132,3.41515002338921e-05
"S5_1","Early_Beta","RFX3","RFX3 / WT",1072,163,453,0.318566687431506,0.165210860207756,Inf,0.0653626368629572,1.55264137451892,1,-2.20576239644078,0.36913918355442
"S5_1","Early_Beta","RFX7","RFX7 / WT",1072,313,453,1.58100421669669,0.393769723619797,Inf,0.738890826656855,3.38287368449566,1,1.83913364667103,0.619090584000892
"S5_1","Early_Beta","RREB1","RREB1 / WT",1072,330,453,4.05137654340455,0.875237570549432,Inf,2.09439297539594,7.83694945947076,1,6.47607658887623,2.82186729538836e-09
"S5_1","Early_Beta","SIM1","SIM1 / WT",1072,462,453,0.0286839967987148,0.0262352074731719,Inf,0.00175587070402676,0.468583290592984,1,-3.88290440731287,0.00280039917003272
"S5_1","Early_Beta","SIX2","SIX2 / WT",1072,407,453,1.760504031332,0.403520926520928,Inf,0.874218834215594,3.54530733385213,1,2.46763247666748,0.223371796643069
"S5_1","Early_Beta","SIX3","SIX3 / WT",1072,360,453,2.12708765167112,0.500543961510074,Inf,1.03672267579154,4.36423547351978,1,3.20736537303272,0.0312815751927282
"S5_1","Early_Delta","CARM1","CARM1 / WT",386,558,453,1.33576142287558,0.416026776859459,Inf,0.51596869234085,3.45807527729592,1,0.929519288185414,0.986384267780318
"S5_1","Early_Delta","CBX4","CBX4 / WT",386,515,453,0.716141874854123,0.261457868344015,Inf,0.234826563331841,2.18399135788928,1,-0.914500258378831,0.987663130362331
"S5_1","Early_Delta","DPY30","DPY30 / WT",386,401,453,0.776157361328551,0.298788576108535,Inf,0.239523090978856,2.51508214545243,1,-0.658252311295925,0.998485199065811
"S5_1","Early_Delta","EOMES","EOMES / WT",386,3,453,0.649584381206334,1.35832599228093,Inf,0.00109415462968937,385.649209771209,1,-0.206316702666331,0.999999556532979
"S5_1","Early_Delta","FEV","FEV / WT",386,597,453,1.10663933487507,0.351715803779728,Inf,0.419228630384031,2.92119986264036,1,0.318817989345391,0.99998999395751
"S5_1","Early_Delta","GCM1","GCM1 / WT",386,450,453,0.44559851487502,0.196463170440319,Inf,0.115916564595713,1.71293927793101,1,-1.83339061314787,0.623043617926347
"S5_1","Early_Delta","HES1","HES1 / WT",386,162,453,1.99253527575367,0.780044762147622,Inf,0.602766734462228,6.58662231694796,1,1.76101359672906,0.672071206352458
"S5_1","Early_Delta","HNF1A","HNF1A / WT",386,300,453,0.857287053032308,0.351269531769212,Inf,0.245271538552006,2.99643854168994,1,-0.375800239062762,0.999967932838198
"S5_1","Early_Delta","HNF4A","HNF4A / WT",386,288,453,0.307858802841391,0.184237206501813,Inf,0.0494973656977735,1.91478962871751,1,-1.96861851542567,0.528828499113008
"S5_1","Early_Delta","INSM1","INSM1 / WT",386,109,453,1.03193518401852,0.640427059793825,Inf,0.155056266915029,6.86776642571237,1,0.050653338809071,0.999999999983044
"S5_1","Early_Delta","ISL1","ISL1 / WT",386,458,453,0.365966248758774,0.171252350346893,Inf,0.0876528798033978,1.52797370184496,1,-2.14814253298777,0.406250039693694
"S5_1","Early_Delta","JMJD6","JMJD6 / WT",386,47,453,0.166043629172912,0.25216088581719,Inf,0.00160665364461432,17.160193101563,1,-1.18230912547035,0.946132204794416
"S5_1","Early_Delta","MAFB","MAFB / WT",386,387,453,1.26182531340091,0.432077944554446,Inf,0.443420309055652,3.59073116188613,1,0.679158143402445,0.998137469665452
"S5_1","Early_Delta","MEIS1","MEIS1 / WT",386,1359,453,0.819141090843111,0.235028214790863,Inf,0.341030139390814,1.96754494457951,1,-0.695311317145336,0.997826230960345
"S5_1","Early_Delta","MEN1","MEN1 / WT",386,153,453,0.221021227957727,0.195504289800423,Inf,0.0148314278346654,3.29370737278335,1,-1.70651383941712,0.707702847892093
"S5_1","Early_Delta","NCOA5","NCOA5 / WT",386,652,453,0.565889642410746,0.206214362882563,Inf,0.185946638825212,1.72216658182661,1,-1.56241675268884,0.794144842932811
"S5_1","Early_Delta","NEUROG3","NEUROG3 / WT",386,453,453,0.081653717828694,0.0690975002979971,Inf,0.00615966311107368,1.08241790419701,1,-2.9605186801873,0.0655747857939464
"S5_1","Early_Delta","NKX6-1","(NKX6-1) / WT",386,382,453,1.7363674811298,0.563249542161527,Inf,0.644740193933576,4.67625883711485,1,1.70105664126203,0.711195399419468
"S5_1","Early_Delta","NOTCH1","NOTCH1 / WT",386,348,453,0.487843955732915,0.228628952468291,Inf,0.116592221607089,2.04123158358849,1,-1.53154148345309,0.810868901616445
"S5_1","Early_Delta","NOTCH2","NOTCH2 / WT",386,224,453,0.754127094998898,0.356120604315381,Inf,0.178274247634494,3.19007194228898,1,-0.597579621902472,0.99920639674774
"S5_1","Early_Delta","ONECUT1","ONECUT1 / WT",386,243,453,0.471166311700514,0.254949548393192,Inf,0.090253654819746,2.45970862592588,1,-1.39075927337392,0.877632613168879
"S5_1","Early_Delta","PAX6","PAX6 / WT",386,499,453,3.02631322938956,0.849555817008164,Inf,1.28400846634359,7.13279701999058,1,3.94461803123842,0.00218730080004892
"S5_1","Early_Delta","PBX2","PBX2 / WT",386,389,453,0.58516964818688,0.255480539669576,Inf,0.154238804622687,2.22008668957741,1,-1.22735450205851,0.934354689004889
"S5_1","Early_Delta","PDX1","PDX1 / WT",386,1004,453,1.53950284127897,0.503940157082541,Inf,0.566504283140255,4.18367357289554,1,1.31807947650654,0.905635733127152
"S5_1","Early_Delta","RFX3","RFX3 / WT",386,163,453,0.215334231629236,0.188519841548162,Inf,0.0148558701877954,3.12124639790184,1,-1.75397702509251,0.676742817424897
"S5_1","Early_Delta","RFX7","RFX7 / WT",386,313,453,0.728190217682971,0.310551947715269,Inf,0.197961835567043,2.67860212353705,1,-0.743762274195112,0.996629660154304
"S5_1","Early_Delta","RREB1","RREB1 / WT",386,330,453,0.941910332913279,0.364479914309204,Inf,0.288905071502985,3.07088785473134,1,-0.154655461514851,0.999999944544251
"S5_1","Early_Delta","SIM1","SIM1 / WT",386,462,453,0.311513344049108,0.154200950535951,Inf,0.0686925565216777,1.4126794580725,1,-2.35615989303769,0.280316735301093
"S5_1","Early_Delta","SIX2","SIX2 / WT",386,407,453,0.356524793342651,0.176237011987761,Inf,0.0787832265095609,1.61341358940909,1,-2.08640837967144,0.447464717511948
"S5_1","Early_Delta","SIX3","SIX3 / WT",386,360,453,0.710370338842237,0.300198462534595,Inf,0.195417435777837,2.58229781952786,1,-0.809213076426564,0.994221681792616
"S5_1","Early_EC","CARM1","CARM1 / WT",1178,558,453,0.569205590290906,0.144062075359994,Inf,0.262767017468946,1.23301245011357,1,-2.22650607862326,0.356155712597867
"S5_1","Early_EC","CBX4","CBX4 / WT",1178,515,453,0.497026865720562,0.132719336896703,Inf,0.219887593197851,1.12346359180769,1,-2.61813429708575,0.159502170077895
"S5_1","Early_EC","DPY30","DPY30 / WT",1178,401,453,0.534443210830953,0.150865140078972,Inf,0.225675392619174,1.26566544224561,1,-2.21949615786907,0.360519385572265
"S5_1","Early_EC","EOMES","EOMES / WT",1178,3,453,0.431475927424112,0.80978349659546,Inf,0.00139841179030514,133.130653815407,1,-0.44786577253487,0.999890300500655
"S5_1","Early_EC","FEV","FEV / WT",1178,597,453,0.814495422825821,0.188308494519746,Inf,0.402007127446466,1.65022644752127,1,-0.887498153122138,0.989726404478631
"S5_1","Early_EC","GCM1","GCM1 / WT",1178,450,453,0.595103677054426,0.157822910155064,Inf,0.264748164790055,1.33768023179514,1,-1.95707009074986,0.536905859727301
"S5_1","Early_EC","HES1","HES1 / WT",1178,162,453,1.60034497290281,0.454951963950621,Inf,0.671652804966483,3.8131368072275,1,1.65404925140793,0.740629507451423
"S5_1","Early_EC","HNF1A","HNF1A / WT",1178,300,453,0.273949757719897,0.10722804061129,Inf,0.0828905661877736,0.90539217194851,1,-3.30802498974183,0.0226145547483093
"S5_1","Early_EC","HNF4A","HNF4A / WT",1178,288,453,0.178986680411324,0.0838626576070705,Inf,0.0427913411160396,0.748661549956825,1,-3.67191487794793,0.00630744052111498
"S5_1","Early_EC","INSM1","INSM1 / WT",1178,109,453,0.120616038325581,0.10616178423696,Inf,0.00820299672204092,1.77352608983347,1,-2.40312625570767,0.255342260245578
"S5_1","Early_EC","ISL1","ISL1 / WT",1178,458,453,7.93234164626086,1.57566994806045,Inf,4.3244473859021,14.5503086008476,1,10.4257045213035,8.30446822419617e-14
"S5_1","Early_EC","JMJD6","JMJD6 / WT",1178,47,453,1.14489134131884,0.573428706800476,Inf,0.247990116688369,5.28559847840231,1,0.270155541779489,0.999996929487984
"S5_1","Early_EC","MAFB","MAFB / WT",1178,387,453,0.368564754947178,0.117774719413406,Inf,0.138889350985992,0.978044591791446,1,-3.12358038356988,0.0405772993903029
"S5_1","Early_EC","MEIS1","MEIS1 / WT",1178,1359,453,2.17082953726109,0.405640682673443,Inf,1.22681277996639,3.84125512612798,1,4.1480807678074,0.000939841612601189
"S5_1","Early_EC","MEN1","MEN1 / WT",1178,153,453,0.462703964585718,0.193376228629693,Inf,0.129113919926501,1.658186498909,1,-1.84402734391333,0.615716429249632
"S5_1","Early_EC","NCOA5","NCOA5 / WT",1178,652,453,0.435116615827381,0.112628245867417,Inf,0.197368038319149,0.959255971642821,1,-3.21481046500304,0.0305533165563301
"S5_1","Early_EC","NEUROG3","NEUROG3 / WT",1178,453,453,0.0322942677466129,0.0256735267673932,Inf,0.00284884483466121,0.366085129172699,1,-4.3181398366567,0.000448059933813583
"S5_1","Early_EC","NKX6-1","(NKX6-1) / WT",1178,382,453,0.51252055566683,0.15066770869453,Inf,0.208828357692587,1.25786230799037,1,-2.27371978709316,0.327433421656856
"S5_1","Early_EC","NOTCH1","NOTCH1 / WT",1178,348,453,0.565501509661283,0.164869441561063,Inf,0.232130923331567,1.37763617548021,1,-1.95524280295163,0.538184463037295
"S5_1","Early_EC","NOTCH2","NOTCH2 / WT",1178,224,453,0.143617187292221,0.0819070363238586,Inf,0.0251623287648798,0.819713337285269,1,-3.40268787816144,0.0164760803907489
"S5_1","Early_EC","ONECUT1","ONECUT1 / WT",1178,243,453,0.0561711185626105,0.045832291704191,Inf,0.00464797952524692,0.678831424156765,1,-3.52887555798749,0.0106194127514186
"S5_1","Early_EC","PAX6","PAX6 / WT",1178,499,453,1.54147560449483,0.333870328936043,Inf,0.795524822369864,2.98689239158394,1,1.99795643630727,0.5083529239222
"S5_1","Early_EC","PBX2","PBX2 / WT",1178,389,453,0.577454603335043,0.173263634859163,Inf,0.23096205227442,1.44376020055726,1,-1.83013024268829,0.625284408677767
"S5_1","Early_EC","PDX1","PDX1 / WT",1178,1004,453,1.12908626172715,0.290568805543528,Inf,0.514498975531841,2.47781987340828,1,0.471767370391656,0.999842563057715
"S5_1","Early_EC","RFX3","RFX3 / WT",1178,163,453,1.5813582762981,0.450741549138424,Inf,0.662164245985627,3.77654639793219,1,1.60782033295833,0.76831738632006
"S5_1","Early_EC","RFX7","RFX7 / WT",1178,313,453,0.704330865952696,0.201369453841663,Inf,0.294145168531932,1.68652088086166,1,-1.22597013390873,0.934740562890918
"S5_1","Early_EC","RREB1","RREB1 / WT",1178,330,453,4.30609898761979,0.917405903011831,Inf,2.24647156444787,8.25404994420104,1,6.85306685167115,2.1682911022225e-10
"S5_1","Early_EC","SIM1","SIM1 / WT",1178,462,453,0.131740783034888,0.0570144003785589,Inf,0.0351311524143155,0.494024041966045,1,-4.68351681830328,8.22007454858165e-05
"S5_1","Early_EC","SIX2","SIX2 / WT",1178,407,453,0.943581785250846,0.231927191562359,Inf,0.44541225752527,1.99892699496861,1,-0.236263384640462,0.99999882507577
"S5_1","Early_EC","SIX3","SIX3 / WT",1178,360,453,0.782812276695834,0.218757479260329,Inf,0.333425771582483,1.83787551165379,1,-0.876227238355145,0.990503291159474
"S5_1","Endo_prog","CARM1","CARM1 / WT",579,558,453,0.898016343473704,0.228706148422957,Inf,0.412555350742927,1.95472765458904,1,-0.422362645474561,0.999927146607992
"S5_1","Endo_prog","CBX4","CBX4 / WT",579,515,453,0.183537163454645,0.0736947195555799,Inf,0.0538454175292669,0.625603661642473,1,-4.222250237376,0.00068298572390213
"S5_1","Endo_prog","DPY30","DPY30 / WT",579,401,453,0.390637904001857,0.133025955002262,Inf,0.138068500385402,1.10523379059673,1,-2.7602850961108,0.112526646060215
"S5_1","Endo_prog","EOMES","EOMES / WT",579,3,453,0.432911556661458,0.834283895562794,Inf,0.00120300361688725,155.787075998967,1,-0.434436056096226,0.999911283576668
"S5_1","Endo_prog","FEV","FEV / WT",579,597,453,0.567181417384656,0.155504111196113,Inf,0.245509254197741,1.31031622933189,1,-2.06833764448052,0.459759394473143
"S5_1","Endo_prog","GCM1","GCM1 / WT",579,450,453,0.318772270568272,0.111225210632882,Inf,0.109820313410996,0.925291117163001,1,-3.27664405190759,0.0250559289754843
"S5_1","Endo_prog","HES1","HES1 / WT",579,162,453,0.475467775089709,0.211501475517548,Inf,0.122210618512297,1.84983602816814,1,-1.67133326186421,0.72994779688349
"S5_1","Endo_prog","HNF1A","HNF1A / WT",579,300,453,0.12980979116216,0.0747193695463948,Inf,0.0223786155485706,0.752976958962951,1,-3.54701479553486,0.00995391146353619
"S5_1","Endo_prog","HNF4A","HNF4A / WT",579,288,453,0.171875611425553,0.0890308209699073,Inf,0.0353308515833863,0.836131156736646,1,-3.39961197627092,0.0166493942460649
"S5_1","Endo_prog","INSM1","INSM1 / WT",579,109,453,2.52971177971245,1.17049678558461,Inf,0.615679244847364,10.3941163227005,1,2.00584839646017,0.502860812576822
"S5_1","Endo_prog","ISL1","ISL1 / WT",579,458,453,1.8311814383613,0.433865635391916,Inf,0.888114399776674,3.77566838353502,1,2.55331123436626,0.185174015855501
"S5_1","Endo_prog","JMJD6","JMJD6 / WT",579,47,453,0.679520259880254,0.438094273927264,Inf,0.0948569455551116,4.8678331448007,1,-0.599288910319286,0.999190979400683
"S5_1","Endo_prog","MAFB","MAFB / WT",579,387,453,0.184339264470195,0.0826136401674088,Inf,0.0469013506174209,0.724519954715133,1,-3.77314845064499,0.00429965756045592
"S5_1","Endo_prog","MEIS1","MEIS1 / WT",579,1359,453,0.691123933861445,0.156052443640556,Inf,0.346788969869988,1.37735722141103,1,-1.63615600302356,0.751503457986249
"S5_1","Endo_prog","MEN1","MEN1 / WT",579,153,453,0.0402830653139528,0.0491434475113431,Inf,0.000970507069173164,1.6720386719807,1,-2.63274408101856,0.154093667258114
"S5_1","Endo_prog","NCOA5","NCOA5 / WT",579,652,453,0.250556938946725,0.0832963738654967,Inf,0.0907731691593887,0.691600615421059,1,-4.1633038349633,0.000880664921544927
"S5_1","Endo_prog","NEUROG3","NEUROG3 / WT",579,453,453,0.0367840984940497,0.0301829608520053,Inf,0.00300127406360889,0.450831837860534,1,-4.02500143585776,0.00157526161940069
"S5_1","Endo_prog","NKX6-1","(NKX6-1) / WT",579,382,453,1.57835059564535,0.403815993418549,Inf,0.722524929609329,3.44789570668659,1,1.78380313905493,0.656813966017132
"S5_1","Endo_prog","NOTCH1","NOTCH1 / WT",579,348,453,0.346654585433168,0.128847074182374,Inf,0.111403210990328,1.07868885047016,1,-2.85031717464258,0.0888792511050041
"S5_1","Endo_prog","NOTCH2","NOTCH2 / WT",579,224,453,0.061237324269591,0.0544991140221251,Inf,0.00404186458882693,0.927792062620139,1,-3.13832163837365,0.038787202775215
"S5_1","Endo_prog","ONECUT1","ONECUT1 / WT",579,243,453,0.24823474686385,0.119356835619518,Inf,0.0571621191163085,1.07799519162646,1,-2.89791057373722,0.0781004793089043
"S5_1","Endo_prog","PAX6","PAX6 / WT",579,499,453,1.0560476770599,0.266000211747155,Inf,0.489317492937427,2.2791678456634,1,0.216502833792319,0.999999372737767
"S5_1","Endo_prog","PBX2","PBX2 / WT",579,389,453,0.30208473445167,0.122328078081577,Inf,0.0877031817294776,1.04050029872593,1,-2.95606576423207,0.0664068518569065
"S5_1","Endo_prog","PDX1","PDX1 / WT",579,1004,453,0.968431681065486,0.291003903787761,Inf,0.386816173863655,2.42456232252042,1,-0.106750155262842,0.999999996208099
"S5_1","Endo_prog","RFX3","RFX3 / WT",579,163,453,0.288416430795327,0.155308798629288,Inf,0.0556902443205164,1.49369137391395,1,-2.30896474896066,0.306796964205562
"S5_1","Endo_prog","RFX7","RFX7 / WT",579,313,453,0.700401117838722,0.220721437610759,Inf,0.267520097881534,1.83373783784636,1,-1.12999579650004,0.9578664083241
"S5_1","Endo_prog","RREB1","RREB1 / WT",579,330,453,0.213343528693688,0.0963268927543039,Inf,0.0537283793376596,0.8471400365425,1,-3.42151690548778,0.0154498695544449
"S5_1","Endo_prog","SIM1","SIM1 / WT",579,462,453,0.157782087163791,0.0703018010682893,Inf,0.0404642433932472,0.615239157886162,1,-4.14428923336347,0.000955151282245215
"S5_1","Endo_prog","SIX2","SIX2 / WT",579,407,453,0.432637317034574,0.142071389507597,Inf,0.158694058290451,1.17947105334149,1,-2.55144656396682,0.18595337217269
"S5_1","Endo_prog","SIX3","SIX3 / WT",579,360,453,0.348541684310414,0.135265146644091,Inf,0.106537038079705,1.14027297822054,1,-2.71586623719109,0.125882025819402
"S5_1","None_endo","CARM1","CARM1 / WT",7680,558,453,0.325460521964248,0.0492130181076782,Inf,0.205085778387345,0.516489013476018,1,-7.4235241378726,3.47255557642256e-12
"S5_1","None_endo","CBX4","CBX4 / WT",7680,515,453,1.27391577458615,0.19225409257553,Inf,0.803468081551714,2.01982062262541,1,1.60417497953057,0.770442845627619
"S5_1","None_endo","DPY30","DPY30 / WT",7680,401,453,1.15604887327693,0.183303197293926,Inf,0.712303297479319,1.8762358704982,1,0.914530636378841,0.987660641260334
"S5_1","None_endo","EOMES","EOMES / WT",7680,3,453,1.37483249267517,1.51964584476671,Inf,0.0470064811528153,40.2107185341231,1,0.287996733805657,0.999995150783941
"S5_1","None_endo","FEV","FEV / WT",7680,597,453,1.11209667011914,0.162932277606381,Inf,0.710911442399601,1.739680823698,1,0.725191326953342,0.997139009044979
"S5_1","None_endo","GCM1","GCM1 / WT",7680,450,453,0.95488754454512,0.146356236444222,Inf,0.597938869328618,1.52492214421721,1,-0.301177683174104,0.999993327460869
"S5_1","None_endo","HES1","HES1 / WT",7680,162,453,0.0512604091135273,0.0167498301865642,Inf,0.0188961798047272,0.139056125081369,1,-9.0918114778943,1.02362562870439e-13
"S5_1","None_endo","HNF1A","HNF1A / WT",7680,300,453,2.01637015904474,0.360695073725746,Inf,1.16762283385194,3.48207357753819,1,3.92042577301817,0.00241100170788699
"S5_1","None_endo","HNF4A","HNF4A / WT",7680,288,453,2.06408402050324,0.376332651786674,Inf,1.18275748716121,3.60212713928575,1,3.97471207907922,0.00193599877584294
"S5_1","None_endo","INSM1","INSM1 / WT",7680,109,453,1.85355931190736,0.629950580861883,Inf,0.656481275890991,5.2334807540329,1,1.815770694281,0.635122180567096
"S5_1","None_endo","ISL1","ISL1 / WT",7680,458,453,0.428345514630557,0.0659355455031325,Inf,0.267684510312239,0.685433309869508,1,-5.50783480547357,1.08287256339601e-06
"S5_1","None_endo","JMJD6","JMJD6 / WT",7680,47,453,1.20920667442088,0.395891380995178,Inf,0.444883412929768,3.2866605923445,1,0.580225679801284,0.999349603400495
"S5_1","None_endo","MAFB","MAFB / WT",7680,387,453,1.87524516113748,0.310505660387612,Inf,1.13092524069481,3.10944020686024,1,3.79716273939617,0.00391923932492755
"S5_1","None_endo","MEIS1","MEIS1 / WT",7680,1359,453,0.735875702740232,0.0965400173812334,Inf,0.492941666715891,1.09853373420659,1,-2.33777360512663,0.290471531732447
"S5_1","None_endo","MEN1","MEN1 / WT",7680,153,453,1.78783701476249,0.387398205324438,Inf,0.922402089503755,3.46525796908641,1,2.68133652557773,0.137080538163095
"S5_1","None_endo","NCOA5","NCOA5 / WT",7680,652,453,1.50021446050294,0.220484721033894,Inf,0.957671506686763,2.35012048681352,1,2.75982431523239,0.112659272069868
"S5_1","None_endo","NEUROG3","NEUROG3 / WT",7680,453,453,47.5928935278071,19.2391893731849,Inf,13.8470988090109,163.578201151797,1,9.55530291914678,6.3948846218409e-14
"S5_1","None_endo","NKX6-1","(NKX6-1) / WT",7680,382,453,1.00677636832051,0.164358921960231,Inf,0.611501619471825,1.65755678077209,1,0.041368464439674,0.999999999996101
"S5_1","None_endo","NOTCH1","NOTCH1 / WT",7680,348,453,0.99812774705639,0.162452966292645,Inf,0.607165727686072,1.64083536671386,1,-0.0115140968239489,1
"S5_1","None_endo","NOTCH2","NOTCH2 / WT",7680,224,453,4.69140471425365,1.08757615047019,Inf,2.31108996910429,9.52333249122769,1,6.6677212665687,7.79053044297484e-10
"S5_1","None_endo","ONECUT1","ONECUT1 / WT",7680,243,453,2.57966097163631,0.509044707506727,Inf,1.41197678017492,4.71300294878728,1,4.80240002424476,4.59416126047385e-05
"S5_1","None_endo","PAX6","PAX6 / WT",7680,499,453,1.19010368386881,0.180138884663585,Inf,0.749580485436559,1.88951927895139,1,1.14981371401969,0.953658841953304
"S5_1","None_endo","PBX2","PBX2 / WT",7680,389,453,1.21450723140826,0.219393409755153,Inf,0.699515242717903,2.10864285017133,1,1.07580907352645,0.967969801202572
"S5_1","None_endo","PDX1","PDX1 / WT",7680,1004,453,1.22224455888904,0.227864010126262,Inf,0.691639307140995,2.15991449055878,1,1.0764797933298,0.967856756331943
"S5_1","None_endo","RFX3","RFX3 / WT",7680,163,453,2.35549080934451,0.524623338918258,Inf,1.19306706656295,4.65048202938865,1,3.84669251663165,0.00323085118003164
"S5_1","None_endo","RFX7","RFX7 / WT",7680,313,453,1.29540524237896,0.222144560940322,Inf,0.76727135114683,2.1870681597517,1,1.50929383132026,0.822475740065244
"S5_1","None_endo","RREB1","RREB1 / WT",7680,330,453,0.205435178924311,0.0367257774240526,Inf,0.119002655263833,0.354644294668019,1,-8.85282263645088,5.96189764223709e-14
"S5_1","None_endo","SIM1","SIM1 / WT",7680,462,453,5.80155799928848,1.11445204884195,Inf,3.22665753490441,10.4312511802109,1,9.15236584859126,9.65894031423886e-14
"S5_1","None_endo","SIX2","SIX2 / WT",7680,407,453,1.01504521513878,0.159524185676413,Inf,0.628104063044823,1.64036001260927,1,0.0950190151633251,0.99999999836893
"S5_1","None_endo","SIX3","SIX3 / WT",7680,360,453,0.984876037264146,0.176605456680495,Inf,0.569558223187996,1.70304065376818,1,-0.0849861319817565,0.999999999273741
"S5_2","Early_Alpha","CARM1","CARM1 / WT",1312,527,424,3.03674011626966,0.645549160885558,Inf,1.58652086782147,5.81258697619551,1,5.22526306245906,5.16024881513921e-06
"S5_2","Early_Alpha","CBX4","CBX4 / WT",1312,468,424,1.45251234656826,0.335027771468739,Inf,0.718099320720493,2.93802271643485,1,1.61841859467479,0.762088561689499
"S5_2","Early_Alpha","DPY30","DPY30 / WT",1312,368,424,0.943188657749622,0.246167102382962,Inf,0.425030481453024,2.09303775358958,1,-0.224100290155937,0.999999196219527
"S5_2","Early_Alpha","EOMES","EOMES / WT",1312,5,424,0.345027340935073,0.612419678393346,Inf,0.00152594951855628,78.012977850903,1,-0.599514540156343,0.999188925857292
"S5_2","Early_Alpha","FEV","FEV / WT",1312,593,424,1.46045553730572,0.324027688987251,Inf,0.7416640099666,2.87587148329201,1,1.7070923727524,0.707331728256273
"S5_2","Early_Alpha","GCM1","GCM1 / WT",1312,495,424,1.26377850170558,0.294029654982126,Inf,0.620977718041581,2.5719700642564,1,1.00621886598647,0.97819278929414
"S5_2","Early_Alpha","HES1","HES1 / WT",1312,152,424,8.97477263574756,2.22439136042509,Inf,4.20998505784814,19.1322635963305,1,8.85383722808393,5.92859095149834e-14
"S5_2","Early_Alpha","HNF1A","HNF1A / WT",1312,345,424,1.13996659821679,0.29215925733256,Inf,0.521142996756961,2.49360320130333,1,0.511140542439948,0.999726168090838
"S5_2","Early_Alpha","HNF4A","HNF4A / WT",1312,262,424,1.16464590851788,0.32045774968375,Inf,0.502612980470146,2.69869689986648,1,0.553932465822812,0.999525267587957
"S5_2","Early_Alpha","INSM1","INSM1 / WT",1312,99,424,0.0466038143653264,0.0609769851228951,Inf,0.000856973516499336,2.53440213913481,1,-2.34335448708614,0.287367139544015
"S5_2","Early_Alpha","ISL1","ISL1 / WT",1312,426,424,0.0341949426785642,0.0275463094523657,Inf,0.00292060330993735,0.400360466897976,1,-4.19043790685518,0.000783782834121061
"S5_2","Early_Alpha","JMJD6","JMJD6 / WT",1312,56,424,0.217523922800359,0.191618286914878,Inf,0.0147600609038395,3.20572234076272,1,-1.7316775971489,0.69141358813182
"S5_2","Early_Alpha","MAFB","MAFB / WT",1312,420,424,1.22588669168725,0.296040507434524,Inf,0.586328634583282,2.56306462317669,1,0.843362601070352,0.992508579268209
"S5_2","Early_Alpha","MEIS1","MEIS1 / WT",1312,1305,424,1.62309473759733,0.32566721362192,Inf,0.879449329684202,2.99555237384982,1,2.41387834863571,0.249823942320262
"S5_2","Early_Alpha","MEN1","MEN1 / WT",1312,173,424,1.61636043517901,0.465428435796174,Inf,0.670823999657799,3.89464458299766,1,1.66757981999038,0.732281884903993
"S5_2","Early_Alpha","NCOA5","NCOA5 / WT",1312,594,424,0.922026104417351,0.217938797148218,Inf,0.447947408343317,1.89783916904699,1,-0.343452782322796,0.9999830286636
"S5_2","Early_Alpha","NEUROG3","NEUROG3 / WT",1312,485,424,0.030341848478641,0.0242088486375621,Inf,0.00265314918555843,0.346994346986576,1,-4.38069819817254,0.000338523283728964
"S5_2","Early_Alpha","NKX6-1","(NKX6-1) / WT",1312,402,424,1.79113978559772,0.423634149853659,Inf,0.869797613302732,3.68842324063086,1,2.46431905755503,0.224947118743982
"S5_2","Early_Alpha","NOTCH1","NOTCH1 / WT",1312,300,424,1.11866020954057,0.297236374980131,Inf,0.496899510366852,2.5184179865371,1,0.4220119495053,0.999927568830803
"S5_2","Early_Alpha","NOTCH2","NOTCH2 / WT",1312,241,424,0.765855025166902,0.236516903181708,Inf,0.298210986814261,1.96684208666904,1,-0.863791609190619,0.991306254453611
"S5_2","Early_Alpha","ONECUT1","ONECUT1 / WT",1312,226,424,0.860780265959499,0.263353463913235,Inf,0.33813427206709,2.19126757467014,1,-0.490005885650097,0.999795309206876
"S5_2","Early_Alpha","PAX6","PAX6 / WT",1312,478,424,0.131281939901256,0.0571834673642168,Inf,0.0347106480591216,0.496532006976107,1,-4.6614156259134,9.14427419367314e-05
"S5_2","Early_Alpha","PBX2","PBX2 / WT",1312,425,424,1.20435287327515,0.325105977100188,Inf,0.528088752608269,2.74663271316073,1,0.688822307491546,0.997955995771721
"S5_2","Early_Alpha","PDX1","PDX1 / WT",1312,1074,424,1.08036462975417,0.301950018739642,Inf,0.4601094745171,2.5367609185811,1,0.276571196655417,0.999996368430865
"S5_2","Early_Alpha","RFX3","RFX3 / WT",1312,157,424,0.205624446009683,0.119769434833662,Inf,0.0347137148959705,1.21800311270336,1,-2.7155256990013,0.125988932673189
"S5_2","Early_Alpha","RFX7","RFX7 / WT",1312,305,424,1.08312265001088,0.291896732974201,Inf,0.475579994282062,2.46678726832821,1,0.29628768343374,0.999994062389024
"S5_2","Early_Alpha","RREB1","RREB1 / WT",1312,310,424,2.59149721347947,0.606999097702318,Inf,1.26729000728749,5.29938512010088,1,4.06543665152028,0.00133187561307879
"S5_2","Early_Alpha","SIM1","SIM1 / WT",1312,464,424,0.321339462329731,0.103599302583393,Inf,0.120044071435579,0.860176173762765,1,-3.52128758613776,0.0109095604339277
"S5_2","Early_Alpha","SIX2","SIX2 / WT",1312,421,424,1.33469824777706,0.318642172648651,Inf,0.643763429583476,2.76719572867282,1,1.20930122853011,0.939266639106392
"S5_2","Early_Alpha","SIX3","SIX3 / WT",1312,353,424,1.48043784937426,0.393060489953477,Inf,0.658009167033929,3.33079892448806,1,1.47771621486442,0.838287741208449
"S5_2","Early_Beta","CARM1","CARM1 / WT",1049,527,424,2.51753472897645,0.4992601228074,Inf,1.37384117817947,4.61332882742767,1,4.65566888321759,9.40037529977289e-05
"S5_2","Early_Beta","CBX4","CBX4 / WT",1049,468,424,1.30379098726966,0.282716652739792,Inf,0.672345695635591,2.52826923637646,1,1.22336151577751,0.935463502766255
"S5_2","Early_Beta","DPY30","DPY30 / WT",1049,368,424,1.22826919651236,0.284133795552726,Inf,0.6059872043275,2.48956612999008,1,0.888805014713001,0.989633208326464
"S5_2","Early_Beta","EOMES","EOMES / WT",1049,5,424,2.03056044257388,2.15525599580177,Inf,0.0793928700418477,51.9338286772164,1,0.667331396378502,0.998341395317871
"S5_2","Early_Beta","FEV","FEV / WT",1049,593,424,0.80841149362868,0.181026208129711,Inf,0.407960396966193,1.60194260984875,1,-0.94978651526944,0.984499311182523
"S5_2","Early_Beta","GCM1","GCM1 / WT",1049,495,424,1.51134678873946,0.317856938159577,Inf,0.79507446708669,2.87289959669153,1,1.96373875042654,0.532240760663978
"S5_2","Early_Beta","HES1","HES1 / WT",1049,152,424,4.26128943203751,1.03241147160903,Inf,2.03324382686321,8.93084606168892,1,5.98312315768851,6.55104980262777e-08
"S5_2","Early_Beta","HNF1A","HNF1A / WT",1049,345,424,0.781074470871019,0.202257015482267,Inf,0.354184521068378,1.72248444738967,1,-0.954189963191985,0.984064558520548
"S5_2","Early_Beta","HNF4A","HNF4A / WT",1049,262,424,0.496346493068865,0.15984500757822,Inf,0.185623368637293,1.32720272770799,1,-2.17511515502717,0.388696119297554
"S5_2","Early_Beta","INSM1","INSM1 / WT",1049,99,424,0.230656166414467,0.164889697994709,Inf,0.0259879075556106,2.04719317979613,1,-2.05187302618946,0.471035840612222
"S5_2","Early_Beta","ISL1","ISL1 / WT",1049,426,424,0.0709616104470321,0.0396135206963357,Inf,0.0128998779604386,0.390356418307163,1,-4.73921999731366,6.2701080246419e-05
"S5_2","Early_Beta","JMJD6","JMJD6 / WT",1049,56,424,0.352498208811556,0.243821532386356,Inf,0.0426288885202673,2.91480710683507,1,-1.50746864480451,0.823411036805941
"S5_2","Early_Beta","MAFB","MAFB / WT",1049,420,424,0.40287005618623,0.117179306190235,Inf,0.165718802529147,0.979395697376884,1,-3.12568645749149,0.0403172754957735
"S5_2","Early_Beta","MEIS1","MEIS1 / WT",1049,1305,424,0.690614933674682,0.136716621123118,Inf,0.377277228483996,1.26418705027865,1,-1.86990367376256,0.597797794539594
"S5_2","Early_Beta","MEN1","MEN1 / WT",1049,173,424,0.328762097439945,0.143721664959428,Inf,0.0865048496427994,1.24946193374615,1,-2.54465342941351,0.188812114363494
"S5_2","Early_Beta","NCOA5","NCOA5 / WT",1049,594,424,1.04381963921666,0.224107085111166,Inf,0.541816835984331,2.0109368459084,1,0.199752700939007,0.99999964863634
"S5_2","Early_Beta","NEUROG3","NEUROG3 / WT",1049,485,424,0.04476294951148,0.0286945131191356,Inf,0.00631923434591832,0.317082978614576,1,-4.84589107331883,3.69993283526604e-05
"S5_2","Early_Beta","NKX6-1","(NKX6-1) / WT",1049,402,424,0.116055027951156,0.0539470542684808,Inf,0.028061321793331,0.479976303751472,1,-4.63318436702335,0.000104697653278585
"S5_2","Early_Beta","NOTCH1","NOTCH1 / WT",1049,300,424,1.22948750723479,0.29936776305885,Inf,0.584471736931425,2.58633469324414,1,0.848484641434546,0.99222027903938
"S5_2","Early_Beta","NOTCH2","NOTCH2 / WT",1049,241,424,0.340641493642538,0.1282389438648,Inf,0.107885649783185,1.07555200737277,1,-2.86063831251146,0.0864450305919024
"S5_2","Early_Beta","ONECUT1","ONECUT1 / WT",1049,226,424,0.458736610654669,0.159274595077062,Inf,0.158869290020941,1.3246063976694,1,-2.24444982957805,0.34510011748111
"S5_2","Early_Beta","PAX6","PAX6 / WT",1049,478,424,0.0619960728105622,0.0346487611558712,Inf,0.0112477926977317,0.34171264951457,1,-4.97540162225794,1.91982725824547e-05
"S5_2","Early_Beta","PBX2","PBX2 / WT",1049,425,424,1.39442150066153,0.331543537030268,Inf,0.674571328842203,2.88243991164645,1,1.39835858327535,0.874445882926483
"S5_2","Early_Beta","PDX1","PDX1 / WT",1049,1074,424,0.145840353761721,0.048462542699874,Inf,0.0528594734568155,0.402376478508062,1,-5.79371333296037,2.05797701324784e-07
"S5_2","Early_Beta","RFX3","RFX3 / WT",1049,157,424,0.130325879669709,0.0867908663521665,Inf,0.0170499458677084,0.99618116347523,1,-3.05985292668493,0.0491555649538703
"S5_2","Early_Beta","RFX7","RFX7 / WT",1049,305,424,1.38404380206908,0.330814067860852,Inf,0.666988081912931,2.87198122124152,1,1.35975895684254,0.890125527205756
"S5_2","Early_Beta","RREB1","RREB1 / WT",1049,310,424,3.73937054861857,0.789990979854656,Inf,1.96147569072772,7.1287613534931,1,6.24300860874716,1.28592025916419e-08
"S5_2","Early_Beta","SIM1","SIM1 / WT",1049,464,424,0.0315417892212799,0.0239851069195951,Inf,0.00309225068561474,0.321734739006732,1,-4.54541914080077,0.000158632495631084
"S5_2","Early_Beta","SIX2","SIX2 / WT",1049,421,424,1.38985150124128,0.305413695542173,Inf,0.710398169001907,2.71916128136508,1,1.49808218551625,0.828179935317208
"S5_2","Early_Beta","SIX3","SIX3 / WT",1049,353,424,1.42070105499946,0.344321741259503,Inf,0.677704167045624,2.97827811281658,1,1.44887689532886,0.852029556076953
"S5_2","Early_Delta","CARM1","CARM1 / WT",389,527,424,1.64425429073805,0.528022870979283,Inf,0.616630636036588,4.38442726424978,1,1.5485431922524,0.801746575211167
"S5_2","Early_Delta","CBX4","CBX4 / WT",389,468,424,0.939048437821993,0.349677374512511,Inf,0.301146339275151,2.92818425320532,1,-0.168884480059722,0.999999895278507
"S5_2","Early_Delta","DPY30","DPY30 / WT",389,368,424,0.728480471285331,0.313347860774776,Inf,0.195834526985028,2.70985819106694,1,-0.736493229219376,0.996837103042803
"S5_2","Early_Delta","EOMES","EOMES / WT",389,5,424,0.549277471810715,1.12187053190554,Inf,0.00107331141753024,281.098044902025,1,-0.293349758607278,0.999994469750782
"S5_2","Early_Delta","FEV","FEV / WT",389,593,424,1.37954743767297,0.446393649329939,Inf,0.513506838222382,3.70618459411023,1,0.994362214942665,0.979655155806885
"S5_2","Early_Delta","GCM1","GCM1 / WT",389,495,424,0.814125676656161,0.310148750786341,Inf,0.254327819197359,2.60608776296122,1,-0.539796584703074,0.999602013750399
"S5_2","Early_Delta","HES1","HES1 / WT",389,152,424,2.5171393853918,1.00269191270608,Inf,0.745673205536733,8.49700731962066,1,2.31739127793793,0.301970285994925
"S5_2","Early_Delta","HNF1A","HNF1A / WT",389,345,424,0.490925544845218,0.24698173497902,Inf,0.105613800477579,2.28197346835122,1,-1.41417446917782,0.867657441825165
"S5_2","Early_Delta","HNF4A","HNF4A / WT",389,262,424,0.267130071411884,0.188349233566983,Inf,0.0310106982765068,2.30109217200628,1,-1.87214419771474,0.596240945527588
"S5_2","Early_Delta","INSM1","INSM1 / WT",389,99,424,1.40023704034129,0.834414717845268,Inf,0.226880796696802,8.6418233613835,1,0.564920463517344,0.999457416134451
"S5_2","Early_Delta","ISL1","ISL1 / WT",389,426,424,0.712355380377095,0.294991388278794,Inf,0.201109479505401,2.52325344981347,1,-0.819059609630986,0.993763529936786
"S5_2","Early_Delta","JMJD6","JMJD6 / WT",389,56,424,0.172175120264773,0.258246869825635,Inf,0.00176408338055526,16.8043485727179,1,-1.17290058978129,0.948393192681592
"S5_2","Early_Delta","MAFB","MAFB / WT",389,420,424,1.13768479324008,0.41599846097439,Inf,0.372413719196749,3.47550753919973,1,0.352780169116632,0.999979482580136
"S5_2","Early_Delta","MEIS1","MEIS1 / WT",389,1305,424,0.917169891409978,0.275782248886549,Inf,0.366118970857536,2.29761546564687,1,-0.287548791334038,0.999995204366865
"S5_2","Early_Delta","MEN1","MEN1 / WT",389,173,424,0.405807946395882,0.286550080911006,Inf,0.0469604733396891,3.50678086583216,1,-1.27722229200455,0.919414714113282
"S5_2","Early_Delta","NCOA5","NCOA5 / WT",389,594,424,0.283536698786718,0.142110367100494,Inf,0.0613505265101129,1.3103890729547,1,-2.51476054286133,0.201756158874357
"S5_2","Early_Delta","NEUROG3","NEUROG3 / WT",389,485,424,0.0886147785957817,0.0760627187357739,Inf,0.0064417337711331,1.2190163804609,1,-2.82338150181174,0.0954929638278865
"S5_2","Early_Delta","NKX6-1","(NKX6-1) / WT",389,402,424,1.79914133807489,0.604162890024964,Inf,0.645145851923197,5.01732987156408,1,1.74895354738524,0.680065874503044
"S5_2","Early_Delta","NOTCH1","NOTCH1 / WT",389,300,424,1.23232912048057,0.485259277555103,Inf,0.370196087073339,4.10224503773204,1,0.53052239387487,0.999646499281066
"S5_2","Early_Delta","NOTCH2","NOTCH2 / WT",389,241,424,0.55877684733946,0.306375685817589,Inf,0.104709734964629,2.98187714091816,1,-1.06147772731989,0.970316382991489
"S5_2","Early_Delta","ONECUT1","ONECUT1 / WT",389,226,424,1.50417095782805,0.609675072659175,Inf,0.436198387236495,5.18692947194841,1,1.00720140775023,0.978068155734795
"S5_2","Early_Delta","PAX6","PAX6 / WT",389,478,424,4.37842806743612,1.25301471193746,Inf,1.82698660372256,10.493033885772,1,5.16001917597572,7.3164875379339e-06
"S5_2","Early_Delta","PBX2","PBX2 / WT",389,425,424,0.856527603164201,0.343272142369425,Inf,0.251863240980605,2.9128487830374,1,-0.386426188024617,0.999960971495269
"S5_2","Early_Delta","PDX1","PDX1 / WT",389,1074,424,1.76720708302283,0.555257916624176,Inf,0.676919635534114,4.61357701911231,1,1.81221799193174,0.637547798867797
"S5_2","Early_Delta","RFX3","RFX3 / WT",389,157,424,0.44526825225485,0.316748641964505,Inf,0.0507082697376353,3.90989117735442,1,-1.13735897022355,0.95633624870882
"S5_2","Early_Delta","RFX7","RFX7 / WT",389,305,424,0.537477290650218,0.272550495679754,Inf,0.114225281621889,2.52905340974306,1,-1.22437078466182,0.935184445583959
"S5_2","Early_Delta","RREB1","RREB1 / WT",389,310,424,0.988566592048294,0.410877130515806,Inf,0.277793980884876,3.51794485899599,1,-0.0276671422272671,1
"S5_2","Early_Delta","SIM1","SIM1 / WT",389,464,424,0.428608094862307,0.203119352853416,Inf,0.10080493522545,1.82238001116355,1,-1.78772750484392,0.654168269165771
"S5_2","Early_Delta","SIX2","SIX2 / WT",389,421,424,0.637649096782774,0.274321311413332,Inf,0.171380921505901,2.37247160918018,1,-1.04593094342176,0.972716313697753
"S5_2","Early_Delta","SIX3","SIX3 / WT",389,353,424,0.670903046912099,0.305258015975439,Inf,0.167171255009286,2.69251372391106,1,-0.877218452652296,0.990436872944239
"S5_2","Early_EC","CARM1","CARM1 / WT",1092,527,424,0.829360301389867,0.215646867949998,Inf,0.374854574028198,1.83494762283399,1,-0.719573665196269,0.997280123607824
"S5_2","Early_EC","CBX4","CBX4 / WT",1092,468,424,0.461745161653323,0.142668501224629,Inf,0.179713701054444,1.18637918566744,1,-2.50097211700564,0.207927231906723
"S5_2","Early_EC","DPY30","DPY30 / WT",1092,368,424,0.663476007487268,0.199828715077503,Inf,0.264447493395325,1.66460421635831,1,-1.36216350456633,0.889185698396791
"S5_2","Early_EC","EOMES","EOMES / WT",1092,5,424,0.369893773032909,0.669014417937561,Inf,0.0014760274508201,92.6957037638437,1,-0.549874452010388,0.999548464266
"S5_2","Early_EC","FEV","FEV / WT",1092,593,424,0.943012004419071,0.232521187777836,Inf,0.444086299158801,2.00247483915391,1,-0.237967232652796,0.999998762884816
"S5_2","Early_EC","GCM1","GCM1 / WT",1092,495,424,0.874326304041581,0.227451434607297,Inf,0.395022796971879,1.93519587172948,1,-0.516257220928729,0.999706767560147
"S5_2","Early_EC","HES1","HES1 / WT",1092,152,424,1.14006035591336,0.393284140147436,Inf,0.397528904476698,3.26954241688728,1,0.37998095964103,0.99996533178725
"S5_2","Early_EC","HNF1A","HNF1A / WT",1092,345,424,0.153311075284531,0.0784627590495924,Inf,0.0321179037209172,0.731812574355268,1,-3.6641861045888,0.00649151088915434
"S5_2","Early_EC","HNF4A","HNF4A / WT",1092,262,424,0.206201454061312,0.105466011890289,Inf,0.0432400413692591,0.983325600775846,1,-3.08698329816468,0.0453312003570182
"S5_2","Early_EC","INSM1","INSM1 / WT",1092,99,424,0.164533131214946,0.150298681866167,Inf,0.0101069976527232,2.67845627332276,1,-1.97555702454548,0.523979206095025
"S5_2","Early_EC","ISL1","ISL1 / WT",1092,426,424,8.10763489585187,1.73201145641223,Inf,4.22223964615825,15.5684539754263,1,9.79653367418296,8.29336599394992e-14
"S5_2","Early_EC","JMJD6","JMJD6 / WT",1092,56,424,0.0843336348676159,0.114641438386697,Inf,0.00132722289259948,5.35867939713925,1,-1.81919323190267,0.632782206925798
"S5_2","Early_EC","MAFB","MAFB / WT",1092,420,424,0.841390866750971,0.230257208306765,Inf,0.364767920393145,1.94079180507139,1,-0.631065281252497,0.998855911046783
"S5_2","Early_EC","MEIS1","MEIS1 / WT",1092,1305,424,3.18516549042789,0.638903424305153,Inf,1.72614287489375,5.87742726802798,1,5.77556420525867,2.29227777759355e-07
"S5_2","Early_EC","MEN1","MEN1 / WT",1092,173,424,0.374118930473841,0.179259817977735,Inf,0.0865906748892659,1.61639777398526,1,-2.05192010643342,0.471003502873585
"S5_2","Early_EC","NCOA5","NCOA5 / WT",1092,594,424,0.537912262541862,0.149358255659878,Inf,0.230369199505129,1.25602555729879,1,-2.23313920876309,0.352049506736851
"S5_2","Early_EC","NEUROG3","NEUROG3 / WT",1092,485,424,0.112474509417671,0.0568692853599042,Inf,0.0240109702161761,0.526863977375778,1,-4.32148963562132,0.000441431133682224
"S5_2","Early_EC","NKX6-1","(NKX6-1) / WT",1092,402,424,0.382247973520719,0.132923560322592,Inf,0.132162072232483,1.1055631225551,1,-2.76551743512526,0.111029182396637
"S5_2","Early_EC","NOTCH1","NOTCH1 / WT",1092,300,424,0.825954929669501,0.249561350223995,Inf,0.328240002492763,2.07836199325033,1,-0.632850522738626,0.998834125078859
"S5_2","Early_EC","NOTCH2","NOTCH2 / WT",1092,241,424,0.469987327363325,0.181139051794777,Inf,0.144837743816778,1.52507269211227,1,-1.95906799463462,0.535508013395557
"S5_2","Early_EC","ONECUT1","ONECUT1 / WT",1092,226,424,0.23290192397278,0.120207347603367,Inf,0.0481492294215111,1.1265664444048,1,-2.82320684610458,0.0955370999169149
"S5_2","Early_EC","PAX6","PAX6 / WT",1092,478,424,1.75275842752367,0.409557046590519,Inf,0.858606056206578,3.57808110372341,1,2.40169689919342,0.256081496277366
"S5_2","Early_EC","PBX2","PBX2 / WT",1092,425,424,0.685587278852088,0.211065898317232,Inf,0.267744672640744,1.75551547781677,1,-1.22613421882758,0.934694906804071
"S5_2","Early_EC","PDX1","PDX1 / WT",1092,1074,424,1.42288808955864,0.380411755058322,Inf,0.628868808759434,3.21944813800157,1,1.31919296401936,0.905240527844788
"S5_2","Early_EC","RFX3","RFX3 / WT",1092,157,424,2.65045385035909,0.748555373336449,Inf,1.11870691199964,6.27948709132997,1,3.45128674708943,0.013943862865105
"S5_2","Early_EC","RFX7","RFX7 / WT",1092,305,424,0.728806608307821,0.228428181523809,Inf,0.279825584552833,1.89817908595439,1,-1.00931367004949,0.977798408757081
"S5_2","Early_EC","RREB1","RREB1 / WT",1092,310,424,3.24824196358537,0.768402885597026,Inf,1.57717519011996,6.68985659937651,1,4.98019870903451,1.87312042262411e-05
"S5_2","Early_EC","SIM1","SIM1 / WT",1092,464,424,0.239504155278281,0.0919454701331392,Inf,0.0741508186864057,0.773588766944787,1,-3.72281123694177,0.00520989875490618
"S5_2","Early_EC","SIX2","SIX2 / WT",1092,421,424,0.6054895215216,0.179317910900663,Inf,0.245072053599273,1.49595825100453,1,-1.69411412018534,0.715616891490134
"S5_2","Early_EC","SIX3","SIX3 / WT",1092,353,424,1.02112214094239,0.294345355826037,Inf,0.423388545217171,2.46272705887199,1,0.0725123013824,0.999999999770327
"S5_2","Endo_prog","CARM1","CARM1 / WT",657,527,424,0.707692315860555,0.180859996893664,Inf,0.32424273525457,1.54460951464299,1,-1.35287898863516,0.892787450723103
"S5_2","Endo_prog","CBX4","CBX4 / WT",657,468,424,0.159723944777052,0.065529995083991,Inf,0.0456241542581901,0.559171757809916,1,-4.47097481207289,0.000224238744375604
"S5_2","Endo_prog","DPY30","DPY30 / WT",657,368,424,0.453161928721096,0.142321475454771,Inf,0.173654344275017,1.18255454247088,1,-2.52021190138489,0.199351315760439
"S5_2","Endo_prog","EOMES","EOMES / WT",657,5,424,0.288405296320014,0.531759225739064,Inf,0.00103378756985777,80.4590975657396,1,-0.674365039838549,0.998222454885209
"S5_2","Endo_prog","FEV","FEV / WT",657,593,424,0.750632699756469,0.184337461420695,Inf,0.354568155670061,1.58911464815243,1,-1.16802413629058,0.94953863379171
"S5_2","Endo_prog","GCM1","GCM1 / WT",657,495,424,0.460448184277494,0.131541537539569,Inf,0.192423416524128,1.10180213112398,1,-2.71475364588882,0.126231565415557
"S5_2","Endo_prog","HES1","HES1 / WT",657,152,424,0.180075841586889,0.112030924699178,Inf,0.0269321403686508,1.20403756550192,1,-2.75564906169626,0.11386660829545
"S5_2","Endo_prog","HNF1A","HNF1A / WT",657,345,424,0.305197876969351,0.111504675820463,Inf,0.0999965644205865,0.931489443125536,1,-3.24835969555693,0.0274522592369437
"S5_2","Endo_prog","HNF4A","HNF4A / WT",657,262,424,0.141075197183523,0.0770696413935162,Inf,0.026597798556101,0.748265358066808,1,-3.5849452326681,0.00868298914138921
"S5_2","Endo_prog","INSM1","INSM1 / WT",657,99,424,2.43679429413553,1.06232514690028,Inf,0.643546698754556,9.22693946441357,1,2.04307705583413,0.477086209493891
"S5_2","Endo_prog","ISL1","ISL1 / WT",657,426,424,2.13867795991809,0.481384044408242,Inf,1.07546644486862,4.25298570500559,1,3.37733883285358,0.0179537581930296
"S5_2","Endo_prog","JMJD6","JMJD6 / WT",657,56,424,0.579496663171731,0.348586650127923,Inf,0.0922970269308176,3.63843120189435,1,-0.907007479354219,0.988265290773561
"S5_2","Endo_prog","MAFB","MAFB / WT",657,420,424,0.209830233500924,0.0811000222781863,Inf,0.0644491764115893,0.683154220775042,1,-4.03995917741125,0.00148074842851031
"S5_2","Endo_prog","MEIS1","MEIS1 / WT",657,1305,424,0.640670836931678,0.139806166954509,Inf,0.328998547860801,1.2476016200181,1,-2.040338773159,0.478973183692837
"S5_2","Endo_prog","MEN1","MEN1 / WT",657,173,424,0.172985740143545,0.103895214998189,Inf,0.0276302871164264,1.08301684187784,1,-2.92132277977893,0.0732043180285707
"S5_2","Endo_prog","NCOA5","NCOA5 / WT",657,594,424,0.22017584681031,0.0739549465711096,Inf,0.0789315653666864,0.61417005089699,1,-4.50542464149117,0.000191189474541775
"S5_2","Endo_prog","NEUROG3","NEUROG3 / WT",657,485,424,0.0644090536924254,0.0374142873654034,Inf,0.0109262409254676,0.379684671594975,1,-4.72124183401062,6.84514799172975e-05
"S5_2","Endo_prog","NKX6-1","(NKX6-1) / WT",657,402,424,1.25580726721888,0.312987595489072,Inf,0.586605170880989,2.6884384432399,1,0.913921297885507,0.987710494726831
"S5_2","Endo_prog","NOTCH1","NOTCH1 / WT",657,300,424,0.438175995608981,0.1493110570032,Inf,0.154766181174367,1.24056949438849,1,-2.42148302020433,0.245966405010314
"S5_2","Endo_prog","NOTCH2","NOTCH2 / WT",657,241,424,0.0248673642665587,0.0289163873026524,Inf,0.000713312502728891,0.866921304757713,1,-3.17691803696547,0.0344195574945543
"S5_2","Endo_prog","ONECUT1","ONECUT1 / WT",657,226,424,0.20116003007761,0.101539585631516,Inf,0.0430549981751827,0.939852732920324,1,-3.17699928653778,0.0344108327061203
"S5_2","Endo_prog","PAX6","PAX6 / WT",657,478,424,1.22800991845269,0.28977843474596,Inf,0.597324283610479,2.52460581495725,1,0.870413227042447,0.990885628514241
"S5_2","Endo_prog","PBX2","PBX2 / WT",657,425,424,0.364239834087414,0.126127242622604,Inf,0.126501055728334,1.04877114243966,1,-2.91658938756056,0.0741732978308143
"S5_2","Endo_prog","PDX1","PDX1 / WT",657,1074,424,0.893037808690572,0.25179166450783,Inf,0.377482600589417,2.11272394146269,1,-0.401228995706217,0.999949163752034
"S5_2","Endo_prog","RFX3","RFX3 / WT",657,157,424,0.412067993211716,0.18419838709379,Inf,0.105211508267254,1.61389218561729,1,-1.98332815885358,0.518552380896294
"S5_2","Endo_prog","RFX7","RFX7 / WT",657,305,424,0.41051341530347,0.142830074809759,Inf,0.141853085056461,1.18799858372515,1,-2.55897963286188,0.182818988805954
"S5_2","Endo_prog","RREB1","RREB1 / WT",657,310,424,0.206233382000077,0.090430905314605,Inf,0.0540450692156865,0.786976656121017,1,-3.60043169712334,0.00820794318892903
"S5_2","Endo_prog","SIM1","SIM1 / WT",657,464,424,0.103233725885193,0.0505822296163378,Inf,0.0231165966136509,0.461019515037345,1,-4.63441378403344,0.000104084090059464
"S5_2","Endo_prog","SIX2","SIX2 / WT",657,421,424,0.373748095837136,0.119499630538206,Inf,0.140763729781227,0.992355341528573,1,-3.07810891252153,0.0465531962304732
"S5_2","Endo_prog","SIX3","SIX3 / WT",657,353,424,0.356146721683112,0.128297776940644,Inf,0.118526376624574,1.07014565852619,1,-2.86591345340789,0.0852218926481482
"S5_2","None_endo","CARM1","CARM1 / WT",7685,527,424,0.360384653695835,0.0573807927027901,Inf,0.221604439513764,0.58607624876306,1,-6.40985519011999,4.365603545331e-09
"S5_2","None_endo","CBX4","CBX4 / WT",7685,468,424,1.19696548429325,0.193492667465494,Inf,0.730581086883646,1.96107782737818,1,1.11219684787517,0.961406634629195
"S5_2","None_endo","DPY30","DPY30 / WT",7685,368,424,1.2642339637888,0.215504729609012,Inf,0.751153668032369,2.1277770224884,1,1.37547030691131,0.88389586881314
"S5_2","None_endo","EOMES","EOMES / WT",7685,5,424,0.214433955700284,0.209210950501296,Inf,0.010894778836183,4.22054656167591,1,-1.57819382876033,0.785332094769695
"S5_2","None_endo","FEV","FEV / WT",7685,593,424,0.901937926226318,0.139078511432637,Inf,0.56318230619844,1.44445593160875,1,-0.669324347004541,0.998308377222131
"S5_2","None_endo","GCM1","GCM1 / WT",7685,495,424,0.861271103759049,0.136223192529212,Inf,0.531315243343933,1.396135201207,1,-0.944239755843529,0.98503394237984
"S5_2","None_endo","HES1","HES1 / WT",7685,152,424,0.0194981463958499,0.00938563702659796,Inf,0.00448255295224451,0.0848127656101935,1,-8.17980717651374,1.02029495963052e-13
"S5_2","None_endo","HNF1A","HNF1A / WT",7685,345,424,2.02809181366595,0.367576494649919,Inf,1.165979111376,3.52764158853997,1,3.90137652253507,0.00260192663374736
"S5_2","None_endo","HNF4A","HNF4A / WT",7685,262,424,2.58299652525873,0.526131040155097,Inf,1.38660517034868,4.81165885730897,1,4.65879182519473,9.26036492417959e-05
"S5_2","None_endo","INSM1","INSM1 / WT",7685,99,424,1.09653790529285,0.398632544065853,Inf,0.361271879477853,3.32822853381742,1,0.253503096184483,0.999998052897817
"S5_2","None_endo","ISL1","ISL1 / WT",7685,426,424,0.393800738635934,0.064434052769743,Inf,0.238920067086953,0.649083283966129,1,-5.6955433337433,3.67318164995467e-07
"S5_2","None_endo","JMJD6","JMJD6 / WT",7685,56,424,2.63786778804985,0.947239936063753,Inf,0.880964631623521,7.89855371878839,1,2.70116892964917,0.130559722400837
"S5_2","None_endo","MAFB","MAFB / WT",7685,420,424,1.46321801153495,0.245056014589548,Inf,0.877344100081915,2.44032751696899,1,2.27277247314169,0.327997846062656
"S5_2","None_endo","MEIS1","MEIS1 / WT",7685,1305,424,0.615807046932662,0.0863714439372675,Inf,0.4012452149519,0.945103654625229,1,-3.45665817526315,0.0136866264685314
"S5_2","None_endo","MEN1","MEN1 / WT",7685,173,424,2.12310373453099,0.472851770578922,Inf,1.07538279542179,4.19159529682771,1,3.38042576748978,0.0177677030539166
"S5_2","None_endo","NCOA5","NCOA5 / WT",7685,594,424,1.72529552108442,0.275421902250979,Inf,1.0595541323022,2.809337007262,1,3.41647968763314,0.0157186413832354
"S5_2","None_endo","NEUROG3","NEUROG3 / WT",7685,485,424,21.2689146859611,6.26728789632692,Inf,8.64772309479757,52.3105014996185,1,10.3751923056007,7.01660951563099e-14
"S5_2","None_endo","NKX6-1","(NKX6-1) / WT",7685,402,424,1.05873747483655,0.1808804173588,Inf,0.628321650792169,1.78399875161083,1,0.334086489509661,0.999986050198192
"S5_2","None_endo","NOTCH1","NOTCH1 / WT",7685,300,424,1.04331685323486,0.184223422839582,Inf,0.608430013668805,1.78904727214265,1,0.240152783819585,0.999998678995908
"S5_2","None_endo","NOTCH2","NOTCH2 / WT",7685,241,424,3.31464151513739,0.718430159385754,Inf,1.70982086732144,6.42573066211548,1,5.52885882652854,9.61044127723021e-07
"S5_2","None_endo","ONECUT1","ONECUT1 / WT",7685,226,424,2.19840112604974,0.450894017821233,Inf,1.1750728803144,4.11290873271082,1,3.84069689907413,0.00330777491128398
"S5_2","None_endo","PAX6","PAX6 / WT",7685,478,424,1.02943443110087,0.164600349731555,Inf,0.631710662994281,1.67756428696784,1,0.181429961864412,0.999999824371548
"S5_2","None_endo","PBX2","PBX2 / WT",7685,425,424,1.09852532680385,0.207792173186648,Inf,0.616477930171463,1.95750380438415,1,0.496779838058263,0.999774963811801
"S5_2","None_endo","PDX1","PDX1 / WT",7685,1074,424,1.09539713129085,0.221035262481443,Inf,0.591462108228697,2.02869272358571,1,0.451553617975842,0.999883855200098
"S5_2","None_endo","RFX3","RFX3 / WT",7685,157,424,1.80024283968624,0.404399230460696,Inf,0.906521316561393,3.57506682152255,1,2.61721959661921,0.159845360449086
"S5_2","None_endo","RFX7","RFX7 / WT",7685,305,424,1.18686659052528,0.213702126854718,Inf,0.684824389869841,2.0569540520787,1,0.951464971345314,0.984334682373473
"S5_2","None_endo","RREB1","RREB1 / WT",7685,310,424,0.186601092428477,0.0352939115025375,Inf,0.104722739314931,0.332496723474618,1,-8.8758249575643,5.79536418854332e-14
"S5_2","None_endo","SIM1","SIM1 / WT",7685,464,424,6.89008874530835,1.44753279941245,Inf,3.62715699579256,13.0883011056023,1,9.18697649673808,9.31477117660506e-14
"S5_2","None_endo","SIX2","SIX2 / WT",7685,421,424,1.02939789646206,0.169069186744545,Inf,0.623357455801376,1.69992356613148,1,0.176412047072815,0.999999856542915
"S5_2","None_endo","SIX3","SIX3 / WT",7685,353,424,0.877646337044496,0.16652076080446,Inf,0.49165180660548,1.56668415040669,1,-0.687860193986824,0.997974685266883
"S6_1","Late_Alpha","CARM1","CARM1 / WT",3003,811,226,1.68041672881065,0.261715433956667,Inf,1.04433652389077,2.70391805502155,1,3.33265232609158,0.0208483828272712
"S6_1","Late_Alpha","CBX4","CBX4 / WT",3003,240,226,1.32780860351666,0.252145494538719,Inf,0.743465600904639,2.3714287324492,1,1.49308026932111,0.830692942739833
"S6_1","Late_Alpha","DPY30","DPY30 / WT",3003,258,226,1.13749121854577,0.213561925830484,Inf,0.641094737955227,2.01824503566444,1,0.686159194300328,0.99800738628039
"S6_1","Late_Alpha","EOMES","EOMES / WT",3003,2,226,0.220384112078969,0.362963153471686,Inf,0.00144107333991986,33.7034594363786,1,-0.918289488987595,0.987349635336776
"S6_1","Late_Alpha","FEV","FEV / WT",3003,418,226,1.04961056693999,0.1795213686724,Inf,0.622542335534954,1.76965047892752,1,0.283093380013061,0.999995710356184
"S6_1","Late_Alpha","GCM1","GCM1 / WT",3003,432,226,1.18997611128922,0.201610059919051,Inf,0.70928013073712,1.99645116798547,1,1.02661737994994,0.975493983128571
"S6_1","Late_Alpha","HES1","HES1 / WT",3003,234,226,1.29428009046513,0.247436037639881,Inf,0.721863509826147,2.32060622232846,1,1.34930036747177,0.894156146901154
"S6_1","Late_Alpha","HNF1A","HNF1A / WT",3003,251,226,1.301937199722,0.244995309738992,Inf,0.732815680688109,2.31305158539777,1,1.40215108004352,0.872837279984934
"S6_1","Late_Alpha","HNF4A","HNF4A / WT",3003,115,226,1.58604805430938,0.369026180493399,Inf,0.779303650595287,3.22794385559083,1,1.9823997388173,0.519200451136425
"S6_1","Late_Alpha","INSM1","INSM1 / WT",3003,58,226,0.0423342654888793,0.0343715843232648,Inf,0.00354641934055761,0.505351979667788,1,-3.89471880579276,0.00267190316415278
"S6_1","Late_Alpha","ISL1","ISL1 / WT",3003,319,226,0.0285684238707397,0.0126089238974388,Inf,0.0074212310291522,0.109975668356398,1,-8.05569894762901,1.25899290992493e-13
"S6_1","Late_Alpha","JMJD6","JMJD6 / WT",3003,30,226,0.932039141333333,0.373124345171408,Inf,0.274436602572453,3.16538301682275,1,-0.175805604343941,0.999999860063515
"S6_1","Late_Alpha","MAFB","MAFB / WT",3003,216,226,0.792771817065871,0.158943131712101,Inf,0.429755402653725,1.46242990792678,1,-1.15825922553271,0.951778647114199
"S6_1","Late_Alpha","MEIS1","MEIS1 / WT",3003,1063,226,0.927290541961461,0.141433053622461,Inf,0.581985516113758,1.47747276419007,1,-0.494931153890357,0.999780677760189
"S6_1","Late_Alpha","MEN1","MEN1 / WT",3003,72,226,1.22103634602382,0.335670412913543,Inf,0.527348838370043,2.82721729874186,1,0.726429564994868,0.997107119810684
"S6_1","Late_Alpha","NCOA5","NCOA5 / WT",3003,412,226,1.10987864607699,0.19027526791073,Inf,0.657481196643017,1.87356021024967,1,0.608095873384059,0.999107553260116
"S6_1","Late_Alpha","NEUROG3","NEUROG3 / WT",3003,30,226,0.416045155542895,0.19479294137615,Inf,0.0995695349543196,1.73841900065239,1,-1.87304309791511,0.595616126558024
"S6_1","Late_Alpha","NKX6-1","(NKX6-1) / WT",3003,320,226,1.74645722734033,0.313744158096951,Inf,1.00897090837363,3.02299384612169,1,3.10382146750092,0.0430878305453903
"S6_1","Late_Alpha","NOTCH1","NOTCH1 / WT",3003,213,226,1.24646879904539,0.244132186840203,Inf,0.685326445464286,2.26707210450794,1,1.12486300752281,0.958910195095082
"S6_1","Late_Alpha","NOTCH2","NOTCH2 / WT",3003,96,226,1.97715005807488,0.489492589215561,Inf,0.928241155088595,4.21132195089151,1,2.75333499625472,0.114540092392445
"S6_1","Late_Alpha","ONECUT1","ONECUT1 / WT",3003,112,226,2.23367368786665,0.527807216407529,Inf,1.08542922997455,4.59661303204889,1,3.40102691949854,0.016569466913151
"S6_1","Late_Alpha","PAX6","PAX6 / WT",3003,449,226,0.0343392301644013,0.0121409198940747,Inf,0.0116637221979352,0.101098320782406,1,-9.53581580988485,6.47260023356466e-14
"S6_1","Late_Alpha","PBX2","PBX2 / WT",3003,348,226,1.0339246165106,0.191204117324967,Inf,0.587760612920353,1.81876786080501,1,0.180402272630094,0.999999831422194
"S6_1","Late_Alpha","PDX1","PDX1 / WT",3003,342,226,0.753589299788429,0.151824275868203,Inf,0.407296731108042,1.39430736704089,1,-1.404230354376,0.87195020037312
"S6_1","Late_Alpha","RFX3","RFX3 / WT",3003,54,226,0.247294825137083,0.103693985198812,Inf,0.0687140457398003,0.889988791682494,1,-3.33205351112886,0.02088983322947
"S6_1","Late_Alpha","RFX7","RFX7 / WT",3003,80,226,0.771639015947684,0.213121544957023,Inf,0.331952779036269,1.79370925184408,1,-0.938612238058262,0.985561778229291
"S6_1","Late_Alpha","RREB1","RREB1 / WT",3003,153,226,0.639459304173903,0.145416023406203,Inf,0.319291571661232,1.28067333430405,1,-1.96624072624811,0.530491042296815
"S6_1","Late_Alpha","SIM1","SIM1 / WT",3003,42,226,1.09684120659001,0.376520304712906,Inf,0.384438938854791,3.1293932816942,1,0.269270681365692,0.99999700070785
"S6_1","Late_Alpha","SIX2","SIX2 / WT",3003,359,226,1.15392512135439,0.202335968793804,Inf,0.675463760031778,1.97130218448745,1,0.816496590098244,0.993885472194035
"S6_1","Late_Alpha","SIX3","SIX3 / WT",3003,357,226,0.76481477810358,0.142736452917356,Inf,0.43252896792568,1.35237565153356,1,-1.43665723566466,0.857646677792435
"S6_1","Late_Beta","CARM1","CARM1 / WT",1877,811,226,1.05201179535056,0.182447336364485,Inf,0.619426867441683,1.78669811680538,1,0.292366831341964,0.999994600592325
"S6_1","Late_Beta","CBX4","CBX4 / WT",1877,240,226,1.57195844015147,0.320987713974905,Inf,0.842556580279315,2.93280403405583,1,2.21513708213849,0.363245275907522
"S6_1","Late_Beta","DPY30","DPY30 / WT",1877,258,226,1.26153088275278,0.25755515030205,Inf,0.676242822891859,2.35338566897222,1,1.1379558335172,0.956210507268971
"S6_1","Late_Beta","EOMES","EOMES / WT",1877,2,226,0.310672732888553,0.530080961619229,Inf,0.00169504990920529,56.9408289610147,1,-0.68514280187447,0.998026719176096
"S6_1","Late_Beta","FEV","FEV / WT",1877,418,226,0.351341951237596,0.0759228881281189,Inf,0.181596219318144,0.679756259039626,1,-4.84046434691614,3.80163589924765e-05
"S6_1","Late_Beta","GCM1","GCM1 / WT",1877,432,226,1.33311306325649,0.24668942217712,Inf,0.757570611452251,2.34590731551514,1,1.55374508394496,0.798912732451536
"S6_1","Late_Beta","HES1","HES1 / WT",1877,234,226,1.5621154940523,0.321111562713334,Inf,0.833795238354102,2.9266235935518,1,2.16986125722328,0.392091267258823
"S6_1","Late_Beta","HNF1A","HNF1A / WT",1877,251,226,1.36169544693248,0.278184124838823,Inf,0.729642495476491,2.54126438864525,1,1.51121858302179,0.821486618672365
"S6_1","Late_Beta","HNF4A","HNF4A / WT",1877,115,226,0.843696393898778,0.225559372027015,Inf,0.37289146607142,1.9089297284735,1,-0.635738642916073,0.998798156533985
"S6_1","Late_Beta","INSM1","INSM1 / WT",1877,58,226,0.0254144112446727,0.0307506865437316,Inf,0.000631243561980336,1.02320615656983,1,-3.03514759550777,0.0528733146918473
"S6_1","Late_Beta","ISL1","ISL1 / WT",1877,319,226,0.0443601619541942,0.0202286638663536,Inf,0.0110191995341945,0.178581389918191,1,-6.83190183995229,2.51351051083759e-10
"S6_1","Late_Beta","JMJD6","JMJD6 / WT",1877,30,226,0.981952857877901,0.427939550405792,Inf,0.259446171380762,3.7164989175326,1,-0.0417893224447644,0.999999999995803
"S6_1","Late_Beta","MAFB","MAFB / WT",1877,216,226,0.273805740300653,0.0761081472556796,Inf,0.117153709821423,0.639924962989769,1,-4.66008640355162,9.2029111547709e-05
"S6_1","Late_Beta","MEIS1","MEIS1 / WT",1877,1063,226,0.459561698017603,0.0812179688823796,Inf,0.267875745278499,0.788413874743495,1,-4.39928487600418,0.000311219664061113
"S6_1","Late_Beta","MEN1","MEN1 / WT",1877,72,226,0.964460203171319,0.296302083832074,Inf,0.377391716354839,2.46476921243991,1,-0.117787362015393,0.999999992266805
"S6_1","Late_Beta","NCOA5","NCOA5 / WT",1877,412,226,1.57759606153644,0.292542660539605,Inf,0.895441467326534,2.77942157493105,1,2.45854579652628,0.227709342688409
"S6_1","Late_Beta","NEUROG3","NEUROG3 / WT",1877,30,226,0.305026314918867,0.182867884654961,Inf,0.0488822539931767,1.90337075712529,1,-1.98052927846263,0.520506334266529
"S6_1","Late_Beta","NKX6-1","(NKX6-1) / WT",1877,320,226,0.0560572044148,0.0232943188494041,Inf,0.015756485161757,0.199435986804323,1,-6.93397624435039,1.22770571486797e-10
"S6_1","Late_Beta","NOTCH1","NOTCH1 / WT",1877,213,226,1.1124843431914,0.239800700347013,Inf,0.575952478079083,2.14882557320304,1,0.494519007717917,0.999781934871363
"S6_1","Late_Beta","NOTCH2","NOTCH2 / WT",1877,96,226,0.803998054998624,0.229940381392694,Inf,0.335671741502058,1.92572919468589,1,-0.76280186848732,0.996033778559844
"S6_1","Late_Beta","ONECUT1","ONECUT1 / WT",1877,112,226,0.582820788061248,0.168417199007438,Inf,0.241130198386606,1.40869983630885,1,-1.86828119221829,0.598924714239703
"S6_1","Late_Beta","PAX6","PAX6 / WT",1877,449,226,0.0249146823759878,0.0124760447752023,Inf,0.00539844404234921,0.114985242604503,1,-7.37352530038869,5.03819208574896e-12
"S6_1","Late_Beta","PBX2","PBX2 / WT",1877,348,226,1.71275736679868,0.346883003061943,Inf,0.922709598801438,3.17926442006641,1,2.65692626383311,0.145441084091647
"S6_1","Late_Beta","PDX1","PDX1 / WT",1877,342,226,0.086796017338481,0.0317989047637474,Inf,0.0283505599236625,0.265728389354811,1,-6.6714987004904,7.59263096838936e-10
"S6_1","Late_Beta","RFX3","RFX3 / WT",1877,54,226,0.396505183401048,0.168789474456431,Inf,0.108048149666326,1.45505833232141,1,-2.17308295219948,0.390007935489704
"S6_1","Late_Beta","RFX7","RFX7 / WT",1877,80,226,1.10197037118925,0.320133134017414,Inf,0.453777545304507,2.67606608468054,1,0.334239470063937,0.999986004811225
"S6_1","Late_Beta","RREB1","RREB1 / WT",1877,153,226,1.62887927657946,0.372019207577705,Inf,0.810880640359081,3.2720570274006,1,2.13622712712577,0.414098631536501
"S6_1","Late_Beta","SIM1","SIM1 / WT",1877,42,226,0.12923482782246,0.0921572869253729,Inf,0.0146398703108856,1.14083255982685,1,-2.86933906351007,0.0844351420453954
"S6_1","Late_Beta","SIX2","SIX2 / WT",1877,359,226,1.57972010563653,0.299172747111143,Inf,0.885901458319534,2.81692234358214,1,2.41440226454212,0.249556971760536
"S6_1","Late_Beta","SIX3","SIX3 / WT",1877,357,226,1.88006420978795,0.376021656332534,Inf,1.02068105056327,3.4630224897141,1,3.15645565936355,0.0366788721433758
"S6_1","Late_Delta","CARM1","CARM1 / WT",280,811,226,0.641834286831573,0.338895083657785,Inf,0.127961578498884,3.21933549574168,1,-0.839804013211893,0.992703860037135
"S6_1","Late_Delta","CBX4","CBX4 / WT",280,240,226,0.321342585794778,0.308198803039522,Inf,0.0171727104751004,6.01309022212873,1,-1.18366248336339,0.945801413770107
"S6_1","Late_Delta","DPY30","DPY30 / WT",280,258,226,0.236675539892727,0.246555966379885,Inf,0.00982650827839573,5.70042883967922,1,-1.38331619772451,0.880706475231962
"S6_1","Late_Delta","EOMES","EOMES / WT",280,2,226,0.184454270693468,0.453857912812292,Inf,0.000100523324531283,338.462522361872,1,-0.686983636134197,0.997991591041091
"S6_1","Late_Delta","FEV","FEV / WT",280,418,226,0.81643940145023,0.478537252313779,Inf,0.136299887451522,4.89049043769381,1,-0.346004457878912,0.999982114902407
"S6_1","Late_Delta","GCM1","GCM1 / WT",280,432,226,0.166933808010943,0.163649923492975,Inf,0.00836092897245688,3.33299043070877,1,-1.82608014434703,0.628064414539858
"S6_1","Late_Delta","HES1","HES1 / WT",280,234,226,0.678303920169512,0.504416400700172,Inf,0.06999527708178,6.57324647175505,1,-0.521970211694949,0.99968375795729
"S6_1","Late_Delta","HNF1A","HNF1A / WT",280,251,226,0.379862895888666,0.337130725862661,Inf,0.0252612245014922,5.71214668015795,1,-1.09063434863522,0.965402585728537
"S6_1","Late_Delta","HNF4A","HNF4A / WT",280,115,226,0.567803471256915,0.580037431362066,Inf,0.0250748072141093,12.8575577558176,1,-0.554042457745452,0.999524625272047
"S6_1","Late_Delta","INSM1","INSM1 / WT",280,58,226,3.37367907384012,2.85139952255296,Inf,0.255304830381614,44.5808662384257,1,1.43873447095446,0.856700525539087
"S6_1","Late_Delta","ISL1","ISL1 / WT",280,319,226,0.0776834868879532,0.110793538935641,Inf,0.000996826492588219,6.05393634693827,1,-1.79153094659396,0.651599249911281
"S6_1","Late_Delta","JMJD6","JMJD6 / WT",280,30,226,0.240319334328724,0.469421355602647,Inf,0.00061650376419754,93.6788804969825,1,-0.729928670322057,0.997015443426073
"S6_1","Late_Delta","MAFB","MAFB / WT",280,216,226,1.30039027070157,0.80950470925996,Inf,0.194262458138956,8.70479490651618,1,0.421944754938487,0.999927649493256
"S6_1","Late_Delta","MEIS1","MEIS1 / WT",280,1063,226,0.152437023764662,0.111801906651267,Inf,0.0162286312320531,1.43185496558285,1,-2.56466654679465,0.180477617308156
"S6_1","Late_Delta","MEN1","MEN1 / WT",280,72,226,0.207555470270847,0.344229970440707,Inf,0.00131019068442959,32.8801553478513,1,-0.948061620493482,0.984667110514025
"S6_1","Late_Delta","NCOA5","NCOA5 / WT",280,412,226,0.171502114807601,0.16947354030948,Inf,0.00838641281740754,3.5072176893591,1,-1.78426445520196,0.656503227117103
"S6_1","Late_Delta","NEUROG3","NEUROG3 / WT",280,30,226,3.70717535572896,3.26558260475473,Inf,0.251569255218719,54.6296848006152,1,1.48745326110965,0.833496333874465
"S6_1","Late_Delta","NKX6-1","(NKX6-1) / WT",280,320,226,0.99070792514348,0.605432652784884,Inf,0.153242342331623,6.40490205258077,1,-0.0152762972802979,1
"S6_1","Late_Delta","NOTCH1","NOTCH1 / WT",280,213,226,0.423106106419544,0.38409976050559,Inf,0.0264452091298482,6.76942187942281,1,-0.947480996180693,0.984723279770744
"S6_1","Late_Delta","NOTCH2","NOTCH2 / WT",280,96,226,0.535094123197399,0.601074329368885,Inf,0.0173179918135339,16.5334251085991,1,-0.556671762245216,0.999509053836293
"S6_1","Late_Delta","ONECUT1","ONECUT1 / WT",280,112,226,0.152180479777658,0.243781118346002,Inf,0.00114182506582985,20.2823524534618,1,-1.1752689445142,0.94783039343372
"S6_1","Late_Delta","PAX6","PAX6 / WT",280,449,226,82.4428401190505,33.6496729403631,Inf,23.7017279194666,286.764826175942,1,10.8098074161171,7.03881397612349e-14
"S6_1","Late_Delta","PBX2","PBX2 / WT",280,348,226,0.38551837227752,0.311069061404138,Inf,0.0327949560955081,4.53192908478585,1,-1.18129128137825,0.946380063831893
"S6_1","Late_Delta","PDX1","PDX1 / WT",280,342,226,0.694781202406018,0.482510393811047,Inf,0.0833114408948688,5.79417321356739,1,-0.524362468772263,0.999673683711673
"S6_1","Late_Delta","RFX3","RFX3 / WT",280,54,226,0.446706715871959,0.639745323994898,Inf,0.00562939004044823,35.4473377348752,1,-0.562692591717702,0.999471789076357
"S6_1","Late_Delta","RFX7","RFX7 / WT",280,80,226,0.284416415935321,0.417302516548488,Inf,0.00321999665769481,25.1219818692,1,-0.856935333061264,0.991725556035924
"S6_1","Late_Delta","RREB1","RREB1 / WT",280,153,226,0.12293017063298,0.191699240180407,Inf,0.00105021316320067,14.3892948416284,1,-1.34418217052876,0.896094761961487
"S6_1","Late_Delta","SIM1","SIM1 / WT",280,42,226,0.469849798215732,0.72775350601764,Inf,0.00414492783300652,53.2599943298015,1,-0.487661527863323,0.99980197987301
"S6_1","Late_Delta","SIX2","SIX2 / WT",280,359,226,0.0669764469646599,0.0964927459171288,Inf,0.000822257523502858,5.45552253374342,1,-1.87646314794201,0.593237812164984
"S6_1","Late_Delta","SIX3","SIX3 / WT",280,357,226,0.281748888910407,0.248056174745855,Inf,0.0191467243840636,4.14600611623788,1,-1.43879637652596,0.856672273538197
"S6_1","Late_EC","CARM1","CARM1 / WT",2072,811,226,0.530622660666731,0.0951016389770761,Inf,0.30694671328236,0.917294096431761,1,-3.53577262655042,0.0103617631709116
"S6_1","Late_EC","CBX4","CBX4 / WT",2072,240,226,0.267589758647273,0.0738392510197365,Inf,0.115203316242341,0.62154702892649,1,-4.77745417937224,5.19696368588285e-05
"S6_1","Late_EC","DPY30","DPY30 / WT",2072,258,226,0.35689180937252,0.0890659119912126,Inf,0.166542356094615,0.764801018695989,1,-4.12855702093773,0.00102121436129254
"S6_1","Late_EC","EOMES","EOMES / WT",2072,2,226,0.302345982751238,0.526053711848577,Inf,0.00148841338085071,61.416468342662,1,-0.68749863545198,0.997981672513585
"S6_1","Late_EC","FEV","FEV / WT",2072,418,226,1.71764951848238,0.311398621431879,Inf,0.98734779746803,2.98812624680848,1,2.98387378202018,0.0613514956011227
"S6_1","Late_EC","GCM1","GCM1 / WT",2072,432,226,0.366366633756976,0.0784305435369561,Inf,0.190532242834426,0.704471371006014,1,-4.69047273928878,7.94815953548689e-05
"S6_1","Late_EC","HES1","HES1 / WT",2072,234,226,0.398453809464375,0.0998282811267958,Inf,0.185381905606769,0.856423596235139,1,-3.67273408747431,0.00628821281797676
"S6_1","Late_EC","HNF1A","HNF1A / WT",2072,251,226,0.242400246072155,0.0678303244979852,Inf,0.103127502459132,0.56975954905071,1,-5.06441845300894,1.2109388585535e-05
"S6_1","Late_EC","HNF4A","HNF4A / WT",2072,115,226,0.318264255671532,0.109841397761641,Inf,0.110922180209975,0.913181982597254,1,-3.3172577892444,0.0219374790937189
"S6_1","Late_EC","INSM1","INSM1 / WT",2072,58,226,10.0010605498618,3.70424350628798,Inf,3.22681410168657,30.996893211085,1,6.21701934639237,1.51783698942864e-08
"S6_1","Late_EC","ISL1","ISL1 / WT",2072,319,226,28.0653730222697,6.79372699927592,Inf,13.3997361898048,58.7821395676757,1,13.7752093736377,0
"S6_1","Late_EC","JMJD6","JMJD6 / WT",2072,30,226,0.467949409630252,0.25259823688088,Inf,0.0899953957276725,2.43319836756903,1,-1.4068129987297,0.870843297610583
"S6_1","Late_EC","MAFB","MAFB / WT",2072,216,226,1.54445350458171,0.320660281574148,Inf,0.819201370306728,2.91178300510118,1,2.09357953802942,0.442611753174075
"S6_1","Late_EC","MEIS1","MEIS1 / WT",2072,1063,226,1.90466156859941,0.310175862455669,Inf,1.15828464442201,3.13198979919984,1,3.95640622175108,0.00208544582915382
"S6_1","Late_EC","MEN1","MEN1 / WT",2072,72,226,0.647973798063094,0.219588467019579,Inf,0.230179548896757,1.82409794870454,1,-1.28039093616798,0.918396144983322
"S6_1","Late_EC","NCOA5","NCOA5 / WT",2072,412,226,0.360005863961757,0.0783469708423859,Inf,0.185205176079761,0.699787256653318,1,-4.69443262542659,7.79722556493168e-05
"S6_1","Late_EC","NEUROG3","NEUROG3 / WT",2072,30,226,0.233933227746174,0.16115859019828,Inf,0.028532250804343,1.91799642513354,1,-2.10872640604202,0.432414044539331
"S6_1","Late_EC","NKX6-1","(NKX6-1) / WT",2072,320,226,1.23486960980466,0.240558198096391,Inf,0.681139184434484,2.2387538231047,1,1.08295932216562,0.966749626120537
"S6_1","Late_EC","NOTCH1","NOTCH1 / WT",2072,213,226,0.426801415304669,0.108451488093287,Inf,0.196421168465579,0.927392141738483,1,-3.35075419901059,0.0196293081120751
"S6_1","Late_EC","NOTCH2","NOTCH2 / WT",2072,96,226,0.378861345793238,0.133237087033546,Inf,0.129425933248988,1.10901977473194,1,-2.75987070176802,0.112645915157679
"S6_1","Late_EC","ONECUT1","ONECUT1 / WT",2072,112,226,0.294248993984871,0.10521325280633,Inf,0.0987294425208751,0.876967075376751,1,-3.42127349708216,0.0154627618782814
"S6_1","Late_EC","PAX6","PAX6 / WT",2072,449,226,1.77933386796732,0.318642344262143,Inf,1.02974458415741,3.07457699938878,1,3.21778225310762,0.0302667828828932
"S6_1","Late_EC","PBX2","PBX2 / WT",2072,348,226,0.32976601494357,0.0782801796332703,Inf,0.159715852559736,0.680869324296349,1,-4.67338168362689,8.63223194128571e-05
"S6_1","Late_EC","PDX1","PDX1 / WT",2072,342,226,2.48877598330289,0.502814613689384,Inf,1.34280516160438,4.61273613788069,1,4.51308200325588,0.000184500869001458
"S6_1","Late_EC","RFX3","RFX3 / WT",2072,54,226,4.58766289508251,1.44777902358726,Inf,1.74988934118877,12.0274181592643,1,4.82719477165608,4.06173842372182e-05
"S6_1","Late_EC","RFX7","RFX7 / WT",2072,80,226,1.2549829312787,0.359524922951954,Inf,0.523189020840178,3.01035016994745,1,0.792807896969292,0.994925116478842
"S6_1","Late_EC","RREB1","RREB1 / WT",2072,153,226,0.680205030791278,0.173567969474526,Inf,0.312023158763412,1.48283507463811,1,-1.51021238959668,0.822004055635702
"S6_1","Late_EC","SIM1","SIM1 / WT",2072,42,226,1.29832393783259,0.474020803468855,Inf,0.425714244938528,3.95956928289424,1,0.715071619773347,0.997389087132756
"S6_1","Late_EC","SIX2","SIX2 / WT",2072,359,226,0.346821254820843,0.0789202479600532,Inf,0.17309454061615,0.694909165634779,1,-4.65362061629585,9.49330024884176e-05
"S6_1","Late_EC","SIX3","SIX3 / WT",2072,357,226,0.486881099351508,0.106075813436083,Inf,0.250291847421522,0.947107176473495,1,-3.30353847629718,0.0229501889078312
"S6_1","Mesenchyme","CARM1","CARM1 / WT",244,811,226,0.0526543479895474,0.0450671132401485,Inf,0.0038563582073917,0.718937456818762,1,-3.43964211442711,0.0145164939465158
"S6_1","Mesenchyme","CBX4","CBX4 / WT",244,240,226,0.0863702154671665,0.0956635836411458,Inf,0.00293267721713858,2.54368741171022,1,-2.21119005646856,0.365721573256691
"S6_1","Mesenchyme","DPY30","DPY30 / WT",244,258,226,2.26391437527723,1.20049977261396,Inf,0.448240652526942,11.4342781487872,1,1.54088649353108,0.805881460008641
"S6_1","Mesenchyme","EOMES","EOMES / WT",244,2,226,759.793701910618,1395.92835703136,Inf,2.77846436554447,207771.773725777,1,3.61031945006418,0.00791714646279595
"S6_1","Mesenchyme","FEV","FEV / WT",244,418,226,0.530970979697288,0.308252391099298,Inf,0.0901668098231133,3.12676229572478,1,-1.09043783412372,0.965437562376883
"S6_1","Mesenchyme","GCM1","GCM1 / WT",244,432,226,0.764949657075021,0.408352503431622,Inf,0.149820524242908,3.90565966055811,1,-0.501930634085142,0.999758380072214
"S6_1","Mesenchyme","HES1","HES1 / WT",244,234,226,0.0524540682025711,0.0651743705766067,Inf,0.00117962683794313,2.33245733523454,1,-2.37248189319816,0.271478593015714
"S6_1","Mesenchyme","HNF1A","HNF1A / WT",244,251,226,1.7882401659847,0.964232693586752,Inf,0.344532785612956,9.2815633947631,1,1.07793730180882,0.967610099511385
"S6_1","Mesenchyme","HNF4A","HNF4A / WT",244,115,226,3.85242835248494,2.26580692123812,Inf,0.63917908418212,23.2191643598919,1,2.29312757728218,0.31598142778276
"S6_1","Mesenchyme","INSM1","INSM1 / WT",244,58,226,3.15612551031095,5.57584785954148,Inf,0.014317537142285,695.729170306577,1,0.650569690149283,0.998598736076567
"S6_1","Mesenchyme","ISL1","ISL1 / WT",244,319,226,1.00953082526507,0.553940416254164,Inf,0.188938077019918,5.39410849964846,1,0.0172872382869276,1
"S6_1","Mesenchyme","JMJD6","JMJD6 / WT",244,30,226,3.62325585477399,2.9972253997563,Inf,0.289661526015514,45.3218042787321,1,1.55626662746668,0.797531951403197
"S6_1","Mesenchyme","MAFB","MAFB / WT",244,216,226,2.2024772536728,1.16854208750456,Inf,0.435701167294763,11.1335622143613,1,1.48821173679809,0.833119925527293
"S6_1","Mesenchyme","MEIS1","MEIS1 / WT",244,1063,226,0.107332664975692,0.0688479146178767,Inf,0.0151332373928622,0.761258194245857,1,-3.47937088687692,0.0126454491281607
"S6_1","Mesenchyme","MEN1","MEN1 / WT",244,72,226,0.208722967469972,0.267474719972527,Inf,0.00416711557664548,10.4545401604966,1,-1.22260590075978,0.935671892310532
"S6_1","Mesenchyme","NCOA5","NCOA5 / WT",244,412,226,0.329395649773531,0.21517662360117,Inf,0.0447984664819691,2.42199125573635,1,-1.69996366685973,0.711893104336152
"S6_1","Mesenchyme","NEUROG3","NEUROG3 / WT",244,30,226,15.8452663391929,12.2446240985796,Inf,1.49596531582959,167.833079218637,1,3.5753179000539,0.00899077613362564
"S6_1","Mesenchyme","NKX6-1","(NKX6-1) / WT",244,320,226,0.964452147164105,0.608172933893855,Inf,0.140565493982452,6.61732775104517,1,-0.057398814254888,0.99999999995787
"S6_1","Mesenchyme","NOTCH1","NOTCH1 / WT",244,213,226,0.101304183332878,0.124013777967699,Inf,0.00240939036069637,4.25939180638841,1,-1.8703474334038,0.597489504055004
"S6_1","Mesenchyme","NOTCH2","NOTCH2 / WT",244,96,226,0.145493521364825,0.174439817461241,Inf,0.00373744323606959,5.66386254507989,1,-1.60775657175183,0.768354638255443
"S6_1","Mesenchyme","ONECUT1","ONECUT1 / WT",244,112,226,1.56861904653371,0.999669953491284,Inf,0.223987339058122,10.9852892734702,1,0.706418612999377,0.997588553470303
"S6_1","Mesenchyme","PAX6","PAX6 / WT",244,449,226,0.667791254048031,0.359556748200426,Inf,0.128967713517253,3.45780464599292,1,-0.749924786545565,0.996445304944858
"S6_1","Mesenchyme","PBX2","PBX2 / WT",244,348,226,0.426460513446685,0.37122022787837,Inf,0.02987484742706,6.08768195296212,1,-0.979054375903842,0.981432235443491
"S6_1","Mesenchyme","PDX1","PDX1 / WT",244,342,226,2.42110676062688,1.80655390081146,Inf,0.247918688260377,23.6438728660781,1,1.18502004232143,0.945468183493464
"S6_1","Mesenchyme","RFX3","RFX3 / WT",244,54,226,0.742646419338803,0.649195627901163,Inf,0.0514404909183866,10.7215871059973,1,-0.34036500505829,0.999984080950285
"S6_1","Mesenchyme","RFX7","RFX7 / WT",244,80,226,0.458764571914143,0.471654545485686,Inf,0.0198582177717146,10.5983797168015,1,-0.757922654855965,0.996193995003511
"S6_1","Mesenchyme","RREB1","RREB1 / WT",244,153,226,0.852711224028241,0.606153278537201,Inf,0.0972608010497658,7.47594533188859,1,-0.224144909728571,0.999999195068661
"S6_1","Mesenchyme","SIM1","SIM1 / WT",244,42,226,2.00484429617863,1.72897089094482,Inf,0.143950534472516,27.9220960634043,1,0.806550495968634,0.994340844480823
"S6_1","Mesenchyme","SIX2","SIX2 / WT",244,359,226,0.485685865639061,0.292068615884369,Inf,0.0773983558380685,3.04774898028959,1,-1.20094739904263,0.94145218236214
"S6_1","Mesenchyme","SIX3","SIX3 / WT",244,357,226,1.66371277909358,1.29581622695419,Inf,0.154169674814625,17.9538564548928,1,0.653577129334813,0.998555154997952
"S6_1","prolif_Alpha","CARM1","CARM1 / WT",543,811,226,0.752590833907444,0.23919158576484,Inf,0.285103532020891,1.98662205012599,1,-0.894310669049275,0.989233317137381
"S6_1","prolif_Alpha","CBX4","CBX4 / WT",543,240,226,1.61471919020241,0.568464626100924,Inf,0.550987766797087,4.73207976715049,1,1.36105314591177,0.889620297909432
"S6_1","prolif_Alpha","DPY30","DPY30 / WT",543,258,226,1.75172419151467,0.599145958273372,Inf,0.616311747609117,4.97887255117498,1,1.63902892231417,0.749770567689961
"S6_1","prolif_Alpha","EOMES","EOMES / WT",543,2,226,0.653019630538537,1.37449921279763,Inf,0.00105465292548335,404.336467064037,1,-0.202461423360442,0.999999612847009
"S6_1","prolif_Alpha","FEV","FEV / WT",543,418,226,1.40971954646967,0.455476380040552,Inf,0.525511769910566,3.78166449066757,1,1.06280965999687,0.97010378936204
"S6_1","prolif_Alpha","GCM1","GCM1 / WT",543,432,226,1.56395785873373,0.495067889510909,Inf,0.594786805614568,4.11233766587625,1,1.41280170833377,0.868254990611939
"S6_1","prolif_Alpha","HES1","HES1 / WT",543,234,226,0.937227255435249,0.37501506187486,Inf,0.276131768031214,3.18107161154813,1,-0.162020068256196,0.999999922392011
"S6_1","prolif_Alpha","HNF1A","HNF1A / WT",543,251,226,0.860937481261353,0.344661541352807,Inf,0.253499628986528,2.92392280653016,1,-0.374022254561119,0.999968987650518
"S6_1","prolif_Alpha","HNF4A","HNF4A / WT",543,115,226,0.707719239079145,0.390168456975319,Inf,0.131407831965656,3.81154238579682,1,-0.627072922397309,0.998903418173006
"S6_1","prolif_Alpha","INSM1","INSM1 / WT",543,58,226,0.116319469278997,0.166234163018763,Inf,0.00147943844406795,9.14550989775829,1,-1.50541517113206,0.8244602158877
"S6_1","prolif_Alpha","ISL1","ISL1 / WT",543,319,226,0.430435125469262,0.195410127356247,Inf,0.107585344263977,1.72211557722156,1,-1.85680764071654,0.606881577080358
"S6_1","prolif_Alpha","JMJD6","JMJD6 / WT",543,30,226,1.98898269188247,1.30373654932138,Inf,0.268667608985226,14.7247082130604,1,1.04903927008819,0.97224838137228
"S6_1","prolif_Alpha","MAFB","MAFB / WT",543,216,226,2.12906432950924,0.730795032836037,Inf,0.746297636717576,6.07387012389006,1,2.20157061630506,0.371788302156694
"S6_1","prolif_Alpha","MEIS1","MEIS1 / WT",543,1063,226,1.54930882211545,0.441278389881171,Inf,0.649163684871921,3.69761568957506,1,1.53712763331488,0.80789543435532
"S6_1","prolif_Alpha","MEN1","MEN1 / WT",543,72,226,1.70249655981095,0.840362273462624,Inf,0.377030332305741,7.68769589025451,1,1.07797695431177,0.967603369793069
"S6_1","prolif_Alpha","NCOA5","NCOA5 / WT",543,412,226,1.63259637925238,0.517725958145442,Inf,0.619810590830087,4.30029911876522,1,1.54570655880995,0.8032835139744
"S6_1","prolif_Alpha","NEUROG3","NEUROG3 / WT",543,30,226,1.31784413965326,0.993670095175694,Inf,0.131751710823358,13.1817125224802,1,0.366038245431153,0.999973368639496
"S6_1","prolif_Alpha","NKX6-1","(NKX6-1) / WT",543,320,226,2.17996498346764,0.699382681089829,Inf,0.818306090598138,5.80742021078133,1,2.42909350181933,0.242143767438477
"S6_1","prolif_Alpha","NOTCH1","NOTCH1 / WT",543,213,226,2.37678354593776,0.80456415561201,Inf,0.845272056761065,6.68317375341477,1,2.55752866667699,0.183419791686692
"S6_1","prolif_Alpha","NOTCH2","NOTCH2 / WT",543,96,226,1.47927577189307,0.68913244957108,Inf,0.356568894410893,6.13698178279176,1,0.840497804870503,0.992666107031585
"S6_1","prolif_Alpha","ONECUT1","ONECUT1 / WT",543,112,226,2.03347358721091,0.832257786400228,Inf,0.582610592960626,7.09739040080216,1,1.73413654392866,0.689806273332971
"S6_1","prolif_Alpha","PAX6","PAX6 / WT",543,449,226,0.921832216706716,0.31474024083413,Inf,0.324927596810463,2.61527381515122,1,-0.238386465101891,0.99999874715723
"S6_1","prolif_Alpha","PBX2","PBX2 / WT",543,348,226,1.27375651711462,0.449026474326695,Inf,0.434018572081873,3.73821713921016,1,0.686399176038578,0.998002799051789
"S6_1","prolif_Alpha","PDX1","PDX1 / WT",543,342,226,1.40126304517209,0.515805660017782,Inf,0.455279126619582,4.31282263332409,1,0.91652682840317,0.987496223493726
"S6_1","prolif_Alpha","RFX3","RFX3 / WT",543,54,226,0.406696425032936,0.371914174996657,Inf,0.0249072406635331,6.64071883228466,1,-0.983829125309424,0.980891089187597
"S6_1","prolif_Alpha","RFX7","RFX7 / WT",543,80,226,1.26529379138302,0.66225177221094,Inf,0.255838647874069,6.2577268595496,1,0.449570895406279,0.999887359020618
"S6_1","prolif_Alpha","RREB1","RREB1 / WT",543,153,226,1.99565595145691,0.751660339675628,Inf,0.63169316660454,6.30471071579383,1,1.83453069943907,0.622259472031779
"S6_1","prolif_Alpha","SIM1","SIM1 / WT",543,42,226,0.517196265437014,0.477780682958635,Inf,0.0307862676510061,8.68867834237945,1,-0.713725986280602,0.997420957634144
"S6_1","prolif_Alpha","SIX2","SIX2 / WT",543,359,226,1.46235461943584,0.482382038674944,Inf,0.533978139685146,4.00481007377246,1,1.15212578932404,0.953149344099508
"S6_1","prolif_Alpha","SIX3","SIX3 / WT",543,357,226,1.51317734903857,0.513789864581771,Inf,0.536444917651431,4.26829598771815,1,1.21990666175209,0.936412582559813
"S6_2","Late_Alpha","CARM1","CARM1 / WT",3099,788,268,1.57601834705906,0.242931436335829,Inf,0.984259009651467,2.52355711851325,1,2.95117556778835,0.0673307123660548
"S6_2","Late_Alpha","CBX4","CBX4 / WT",3099,273,268,1.07370516313905,0.195943117819711,Inf,0.614936526890988,1.87473458956817,1,0.389689680641818,0.999958591743101
"S6_2","Late_Alpha","DPY30","DPY30 / WT",3099,278,268,0.676978308501905,0.125937884888338,Inf,0.383555895983646,1.19487051295815,1,-2.09706635924186,0.440257768599563
"S6_2","Late_Alpha","EOMES","EOMES / WT",3099,5,268,0.380162831961113,0.377647015050633,Inf,0.0182963829591932,7.89903551576439,1,-0.973598630698539,0.982036241323616
"S6_2","Late_Alpha","FEV","FEV / WT",3099,385,268,0.921114670492422,0.157462717682132,Inf,0.546476296757893,1.55258744291384,1,-0.480676815889036,0.999820780980424
"S6_2","Late_Alpha","GCM1","GCM1 / WT",3099,412,268,0.901728327793487,0.152152146986933,Inf,0.538604629294979,1.50966763544083,1,-0.613048039118112,0.999057597018446
"S6_2","Late_Alpha","HES1","HES1 / WT",3099,274,268,1.24367561565029,0.22663326489387,Inf,0.712856929206045,2.16976082239365,1,1.1966903248841,0.94254488291012
"S6_2","Late_Alpha","HNF1A","HNF1A / WT",3099,254,268,1.03737814030991,0.193120972391218,Inf,0.587508846226294,1.83172289728951,1,0.197120788958411,0.999999680650941
"S6_2","Late_Alpha","HNF4A","HNF4A / WT",3099,122,268,1.00221692694367,0.229864814474491,Inf,0.497447884722548,2.01918391755275,1,0.00965516413349674,1
"S6_2","Late_Alpha","INSM1","INSM1 / WT",3099,56,268,0.0381098481647616,0.031039674866491,Inf,0.00316757387929845,0.458508809102458,1,-4.01149955211194,0.00166539052450188
"S6_2","Late_Alpha","ISL1","ISL1 / WT",3099,361,268,0.0165833281568859,0.0079136134201043,Inf,0.00386116392544627,0.0712238014414736,1,-8.59038541008251,7.02771174587724e-14
"S6_2","Late_Alpha","JMJD6","JMJD6 / WT",3099,30,268,0.653216385687138,0.266854405420031,Inf,0.187585170518348,2.27465553567537,1,-1.04240411034823,0.973240149303089
"S6_2","Late_Alpha","MAFB","MAFB / WT",3099,194,268,0.679242431319059,0.13823143209475,Inf,0.364833852393458,1.26460381205705,1,-1.90054797006275,0.576448359782575
"S6_2","Late_Alpha","MEIS1","MEIS1 / WT",3099,1086,268,0.750834202492042,0.112183990875132,Inf,0.475736016360674,1.18501013218318,1,-1.91798198221308,0.564262468978209
"S6_2","Late_Alpha","MEN1","MEN1 / WT",3099,73,268,1.0119985597695,0.276403590729283,Inf,0.439450385588651,2.33050446321419,1,0.0436689562333353,0.999999999994224
"S6_2","Late_Alpha","NCOA5","NCOA5 / WT",3099,409,268,0.911127471019405,0.15442498184796,Inf,0.542967177172313,1.52891980095284,1,-0.549139657808613,0.999552561652189
"S6_2","Late_Alpha","NEUROG3","NEUROG3 / WT",3099,28,268,0.444617868953737,0.200709104571319,Inf,0.112003708077083,1.76498664898588,1,-1.79553691415021,0.648888406068081
"S6_2","Late_Alpha","NKX6-1","(NKX6-1) / WT",3099,309,268,1.54215463944726,0.280362019089433,Inf,0.885101596290806,2.6869694303289,1,2.38274572616026,0.26600707821492
"S6_2","Late_Alpha","NOTCH1","NOTCH1 / WT",3099,177,268,0.994140784354002,0.203095862216544,Inf,0.532693637381045,1.85531763430662,1,-0.0287648244272803,0.999999999999873
"S6_2","Late_Alpha","NOTCH2","NOTCH2 / WT",3099,98,268,1.4623218734395,0.357839910206137,Inf,0.692577606534981,3.08757493941815,1,1.55298383589318,0.799328676085966
"S6_2","Late_Alpha","ONECUT1","ONECUT1 / WT",3099,132,268,1.55741009824406,0.346185817012393,Inf,0.789897573113446,3.0706844743834,1,1.99306385176826,0.511761637674002
"S6_2","Late_Alpha","PAX6","PAX6 / WT",3099,467,268,0.0208686727275686,0.00804352893677248,Inf,0.00643072581709905,0.0677219825252668,1,-10.0393071553271,9.31477117660506e-14
"S6_2","Late_Alpha","PBX2","PBX2 / WT",3099,324,268,0.790888267050097,0.15378521857619,Inf,0.436722111677378,1.43227062297131,1,-1.20649606860506,0.94000665178494
"S6_2","Late_Alpha","PDX1","PDX1 / WT",3099,346,268,0.711571659861902,0.157343033495681,Inf,0.36218333891188,1.39800529930454,1,-1.53888605136957,0.80695459786789
"S6_2","Late_Alpha","RFX3","RFX3 / WT",3099,52,268,0.175315222515469,0.0774327034237292,Inf,0.0454974613779779,0.675541586602135,1,-3.94217858619423,0.00220894905284386
"S6_2","Late_Alpha","RFX7","RFX7 / WT",3099,80,268,0.779759315404643,0.210405978353594,Inf,0.342024258294383,1.77772358309446,1,-0.92193533856072,0.987042218538456
"S6_2","Late_Alpha","RREB1","RREB1 / WT",3099,178,268,0.600088877800291,0.126974221602205,Inf,0.314458449203274,1.14516452705276,1,-2.41349690565348,0.250018425739324
"S6_2","Late_Alpha","SIM1","SIM1 / WT",3099,36,268,0.573786570032294,0.221555762339271,Inf,0.176439373099651,1.86597255570319,1,-1.43863180567634,0.856747372152893
"S6_2","Late_Alpha","SIX2","SIX2 / WT",3099,312,268,1.21723559401671,0.215913301332882,Inf,0.708110342649326,2.09241752605635,1,1.10825535071713,0.96216073436346
"S6_2","Late_Alpha","SIX3","SIX3 / WT",3099,345,268,0.827733688668303,0.157795455518592,Inf,0.462418368031273,1.48165191247355,1,-0.991755326446667,0.979966509028703
"S6_2","Late_Beta","CARM1","CARM1 / WT",1807,788,268,1.39573922515098,0.238513195960455,Inf,0.828215400247107,2.35215136550688,1,1.95114241933105,0.541053995877525
"S6_2","Late_Beta","CBX4","CBX4 / WT",1807,273,268,2.01689045572053,0.39757872156463,Inf,1.10463749402462,3.68251768782158,1,3.55895180952765,0.00953683274139738
"S6_2","Late_Beta","DPY30","DPY30 / WT",1807,278,268,2.16863384222659,0.424709421494612,Inf,1.19240837673882,3.94409569187437,1,3.95266443701364,0.00211728754036999
"S6_2","Late_Beta","EOMES","EOMES / WT",1807,5,268,0.983087175065262,1.013297970118,Inf,0.0422133231717782,22.8946768735783,1,-0.0165489228402699,1
"S6_2","Late_Beta","FEV","FEV / WT",1807,385,268,0.608812060271276,0.128735971297759,Inf,0.319164046991563,1.16132167211664,1,-2.34682149268851,0.285448250760236
"S6_2","Late_Beta","GCM1","GCM1 / WT",1807,412,268,2.29460008580442,0.416701855880776,Inf,1.31775474934868,3.99557623023256,1,4.57353320547606,0.000138984668544451
"S6_2","Late_Beta","HES1","HES1 / WT",1807,274,268,2.18985911879521,0.429256768237757,Inf,1.20342328834726,3.98486800663174,1,3.99875597620458,0.00175485672375453
"S6_2","Late_Beta","HNF1A","HNF1A / WT",1807,254,268,2.47991845241316,0.49103371943835,Inf,1.35459190506505,4.5401094659014,1,4.58690620936381,0.000130474436313976
"S6_2","Late_Beta","HNF4A","HNF4A / WT",1807,122,268,1.97460866106169,0.481380753693527,Inf,0.9378393758415,4.15751296520397,1,2.79085722343532,0.103997069712842
"S6_2","Late_Beta","INSM1","INSM1 / WT",1807,56,268,0.0370969529353637,0.0455322306694269,Inf,0.000873689787071793,1.57514021275323,1,-2.68393485159932,0.136212444896185
"S6_2","Late_Beta","ISL1","ISL1 / WT",1807,361,268,0.0273222961471408,0.0171841910533104,Inf,0.00400218639927964,0.186525012149967,1,-5.72396408346977,3.10905370559666e-07
"S6_2","Late_Beta","JMJD6","JMJD6 / WT",1807,30,268,0.169587854806342,0.147346218457885,Inf,0.0119390336362041,2.40890857452688,1,-2.04222414373723,0.477673789071576
"S6_2","Late_Beta","MAFB","MAFB / WT",1807,194,268,0.424652676759646,0.120225714410524,Inf,0.178860595796193,1.00821477797499,1,-3.02521043116112,0.054434388240739
"S6_2","Late_Beta","MEIS1","MEIS1 / WT",1807,1086,268,0.768436103081849,0.131424993814003,Inf,0.455782588021327,1.29556077840338,1,-1.54007561756476,0.806316814258333
"S6_2","Late_Beta","MEN1","MEN1 / WT",1807,73,268,0.697675221030683,0.248781124525534,Inf,0.234792489639851,2.07311023783955,1,-1.00957894249224,0.977764356899424
"S6_2","Late_Beta","NCOA5","NCOA5 / WT",1807,409,268,2.25073154952328,0.410153507534235,Inf,1.29007662661414,3.92673768636121,1,4.45179148049419,0.00024492601068471
"S6_2","Late_Beta","NEUROG3","NEUROG3 / WT",1807,28,268,0.851640757709749,0.432006029209045,Inf,0.180897102332199,4.00941734744048,1,-0.31658216492567,0.99999048240141
"S6_2","Late_Beta","NKX6-1","(NKX6-1) / WT",1807,309,268,0.0828066833623197,0.0349756604709089,Inf,0.0227945888981722,0.300814673170846,1,-5.8981548210797,1.09957029259533e-07
"S6_2","Late_Beta","NOTCH1","NOTCH1 / WT",1807,177,268,1.46914105237517,0.33168072980141,Inf,0.737246566905277,2.92761679560501,1,1.70388588040649,0.709386562500229
"S6_2","Late_Beta","NOTCH2","NOTCH2 / WT",1807,98,268,1.54674468342373,0.416547782632938,Inf,0.679541288421791,3.52063834304442,1,1.61954190314506,0.761424110339108
"S6_2","Late_Beta","ONECUT1","ONECUT1 / WT",1807,132,268,1.0057720448975,0.263821408240612,Inf,0.451418950441821,2.24088378502328,1,0.0219416279698901,1
"S6_2","Late_Beta","PAX6","PAX6 / WT",1807,467,268,0.0453787396026399,0.0205102201436211,Inf,0.0114118510909401,0.180446624435804,1,-6.84260589178695,2.33267183347152e-10
"S6_2","Late_Beta","PBX2","PBX2 / WT",1807,324,268,2.2500571693284,0.443168270857775,Inf,1.23296601166782,4.10616125451652,1,4.11738979721062,0.0010706866422554
"S6_2","Late_Beta","PDX1","PDX1 / WT",1807,346,268,0.073985318883961,0.0320417236698701,Inf,0.0197112019937267,0.27770135033386,1,-6.01245832822038,5.46943332846439e-08
"S6_2","Late_Beta","RFX3","RFX3 / WT",1807,52,268,0.707367994126094,0.289599066482362,Inf,0.202590789985782,2.46985304292011,1,-0.845630502774017,0.992381987538113
"S6_2","Late_Beta","RFX7","RFX7 / WT",1807,80,268,1.38779989445846,0.409355570436397,Inf,0.563751269010626,3.4163799762952,1,1.11103738394595,0.961629579239907
"S6_2","Late_Beta","RREB1","RREB1 / WT",1807,178,268,1.54039173491201,0.345800902519732,Inf,0.776020299928415,3.05766060140967,1,1.92453474072555,0.559677924149899
"S6_2","Late_Beta","SIM1","SIM1 / WT",1807,36,268,0.493035924237953,0.265164307329323,Inf,0.0953947561271845,2.54819481130684,1,-1.31488968095805,0.906762067768159
"S6_2","Late_Beta","SIX2","SIX2 / WT",1807,312,268,1.70314212888437,0.33090410029039,Inf,0.940909041994853,3.08286240403316,1,2.74061384938175,0.118298064829389
"S6_2","Late_Beta","SIX3","SIX3 / WT",1807,345,268,2.36203333611042,0.458499322274731,Inf,1.3056271610011,4.2731965507052,1,4.42797073360044,0.000273142044123764
"S6_2","Late_Delta","CARM1","CARM1 / WT",281,788,268,0.53419793222202,0.307748927281881,Inf,0.091955923510032,3.10330667016954,1,-1.08834220699875,0.965808957245772
"S6_2","Late_Delta","CBX4","CBX4 / WT",281,273,268,0.085487806326288,0.129595726293726,Inf,0.000834003259463012,8.76275355948419,1,-1.62233075017265,0.759770982303355
"S6_2","Late_Delta","DPY30","DPY30 / WT",281,278,268,0.109476543020932,0.152681192145031,Inf,0.00154698318358259,7.74741031383299,1,-1.58609605480557,0.780852347647329
"S6_2","Late_Delta","EOMES","EOMES / WT",281,5,268,0.0352100377915353,0.0874342584152165,Inf,1.79047588751918e-05,69.2411872130314,1,-1.34761499891254,0.894796970790958
"S6_2","Late_Delta","FEV","FEV / WT",281,385,268,0.205037956705454,0.204733622979254,Inf,0.0097145106815242,4.32760486535915,1,-1.58691558929861,0.78038528379833
"S6_2","Late_Delta","GCM1","GCM1 / WT",281,412,268,0.0303156740792964,0.0544501208269436,Inf,0.000125703205163738,7.31119062306329,1,-1.9464848860922,0.544313920700393
"S6_2","Late_Delta","HES1","HES1 / WT",281,274,268,1.77107324443829,0.991248631031327,Inf,0.320535591643613,9.78581012199323,1,1.02125756963838,0.976226021931028
"S6_2","Late_Delta","HNF1A","HNF1A / WT",281,254,268,0.348637234025345,0.334292575260756,Inf,0.0186451388868383,6.51901397391278,1,-1.09893912809002,0.963900853229067
"S6_2","Late_Delta","HNF4A","HNF4A / WT",281,122,268,0.10308850318021,0.184744183752973,Inf,0.000432723268249281,24.5589739856884,1,-1.26788476937089,0.922367737195353
"S6_2","Late_Delta","INSM1","INSM1 / WT",281,56,268,1.82476701170501,1.68382222753406,Inf,0.108961971882893,30.5590527545288,1,0.651797038828462,0.998581082893484
"S6_2","Late_Delta","ISL1","ISL1 / WT",281,361,268,0.452468789332709,0.348779663751065,Inf,0.042969897863643,4.76445175573547,1,-1.02879926428359,0.975191219029225
"S6_2","Late_Delta","JMJD6","JMJD6 / WT",281,30,268,0.0275991051110289,0.0669141091350898,Inf,1.67910523478263e-05,45.3640776736803,1,-1.48070435264876,0.836825407274823
"S6_2","Late_Delta","MAFB","MAFB / WT",281,194,268,2.54820102024815,1.42628400900476,Inf,0.461135494373025,14.0811724944797,1,1.67116485413039,0.730052690135069
"S6_2","Late_Delta","MEIS1","MEIS1 / WT",281,1086,268,0.341857761173498,0.203448535489434,Inf,0.055523985609299,2.10479718975692,1,-1.80358451499699,0.643427529969547
"S6_2","Late_Delta","MEN1","MEN1 / WT",281,73,268,0.184084935452105,0.324820421154176,Inf,0.000840618062391896,40.3123189668122,1,-0.959107238900273,0.983568117111524
"S6_2","Late_Delta","NCOA5","NCOA5 / WT",281,409,268,0.105068112427816,0.130412886163863,Inf,0.00237211596755904,4.65378101244512,1,-1.81526420754597,0.635468196558364
"S6_2","Late_Delta","NEUROG3","NEUROG3 / WT",281,28,268,0.261927504159466,0.525301915679943,Inf,0.000572914685937137,119.749098983186,1,-0.667998719847595,0.998330398849743
"S6_2","Late_Delta","NKX6-1","(NKX6-1) / WT",281,309,268,0.0671034973174402,0.105294106954903,Inf,0.00055651817545687,8.09116314760987,1,-1.72166691902387,0.69792917169
"S6_2","Late_Delta","NOTCH1","NOTCH1 / WT",281,177,268,0.206000129046182,0.270809203877929,Inf,0.00371703289986243,11.4166471780796,1,-1.20178770466573,0.941234819331371
"S6_2","Late_Delta","NOTCH2","NOTCH2 / WT",281,98,268,0.118246280449526,0.21598690282085,Inf,0.000446722355479913,31.2994921087547,1,-1.16883994065217,0.949348257435707
"S6_2","Late_Delta","ONECUT1","ONECUT1 / WT",281,132,268,0.0801712341337733,0.149425165904352,Inf,0.00027031757041334,23.7773178143921,1,-1.35398454481559,0.892362413779681
"S6_2","Late_Delta","PAX6","PAX6 / WT",281,467,268,81.7231503584594,32.6861973079502,Inf,24.0902877431707,277.23509887941,1,11.009374828116,5.49560397189452e-14
"S6_2","Late_Delta","PBX2","PBX2 / WT",281,324,268,0.0564755777200568,0.0918305888003604,Inf,0.000393670560567555,8.10192886716216,1,-1.76747006143718,0.667767946360778
"S6_2","Late_Delta","PDX1","PDX1 / WT",281,346,268,0.515620878688853,0.385799226437203,Inf,0.0524688300982195,5.06710155424042,1,-0.885275932430683,0.989883374526103
"S6_2","Late_Delta","RFX3","RFX3 / WT",281,52,268,0.305078196751777,0.516544729422957,Inf,0.00173236945749473,53.7256678883692,1,-0.701168543677968,0.997703402127374
"S6_2","Late_Delta","RFX7","RFX7 / WT",281,80,268,0.763923596822136,0.841420469243616,Inf,0.0264308982772062,22.0794335349905,1,-0.244485465134704,0.999998498191725
"S6_2","Late_Delta","RREB1","RREB1 / WT",281,178,268,0.154380832397485,0.222597861730733,Inf,0.00188849681915293,12.6203238311149,1,-1.29576613773498,0.913334639946517
"S6_2","Late_Delta","SIM1","SIM1 / WT",281,36,268,0.233840938225757,0.457246625538488,Inf,0.000596137979312226,91.7263893392418,1,-0.743138508313068,0.996647881317193
"S6_2","Late_Delta","SIX2","SIX2 / WT",281,312,268,0.0229280703561341,0.0460988850794234,Inf,4.93810933441815e-05,10.6457021231139,1,-1.87775656520029,0.592337939343995
"S6_2","Late_Delta","SIX3","SIX3 / WT",281,345,268,1.0139869567986,0.616630190005916,Inf,0.158280386296348,6.49587464761836,1,0.0228407911479647,1
"S6_2","Late_EC","CARM1","CARM1 / WT",2105,788,268,0.405833743994335,0.0699955770888688,Inf,0.239652720505455,0.687248729816569,1,-5.22869635674571,5.06570543590268e-06
"S6_2","Late_EC","CBX4","CBX4 / WT",2105,273,268,0.202730840164411,0.0552000104825338,Inf,0.0882611377549217,0.465661270625035,1,-5.86110940465481,1.3750359884046e-07
"S6_2","Late_EC","DPY30","DPY30 / WT",2105,278,268,0.428686177463922,0.0947054986578226,Inf,0.218330644755429,0.841713443179213,1,-3.83409751108232,0.00339440345081521
"S6_2","Late_EC","EOMES","EOMES / WT",2105,5,268,0.162489525654322,0.248051860750076,Inf,0.00153464692028327,17.2045084757953,1,-1.19034180177778,0.944148203987582
"S6_2","Late_EC","FEV","FEV / WT",2105,385,268,1.47528307765531,0.255281655071375,Inf,0.869679842739144,2.50259929258695,1,2.24717933606407,0.34343311964456
"S6_2","Late_EC","GCM1","GCM1 / WT",2105,412,268,0.323835914966169,0.067746131025742,Inf,0.170941412558858,0.613483287941521,1,-5.38969419300203,2.10036526160362e-06
"S6_2","Late_EC","HES1","HES1 / WT",2105,274,268,0.235917726773228,0.0612028174980182,Inf,0.106822980159315,0.521022477774358,1,-5.56721759591556,7.72110468005849e-07
"S6_2","Late_EC","HNF1A","HNF1A / WT",2105,254,268,0.206192683957971,0.0573960592371978,Inf,0.0881170289867518,0.482488157018818,1,-5.67228385262574,4.20772687026449e-07
"S6_2","Late_EC","HNF4A","HNF4A / WT",2105,122,268,0.0781103249525198,0.0429796205871263,Inf,0.0145504579929082,0.419314833056248,1,-4.63365338498102,0.000104463175041869
"S6_2","Late_EC","INSM1","INSM1 / WT",2105,56,268,9.49916977450832,3.48370466752703,Inf,3.09921143704983,29.1152211579431,1,6.13845743499505,2.49545376584948e-08
"S6_2","Late_EC","ISL1","ISL1 / WT",2105,361,268,35.9324415866157,8.83597173775803,Inf,16.9559674938744,76.1466639306777,1,14.565131461182,0
"S6_2","Late_EC","JMJD6","JMJD6 / WT",2105,30,268,0.54496959146557,0.271202374395758,Inf,0.119207198252457,2.49139196269994,1,-1.21979138392305,0.936444086068853
"S6_2","Late_EC","MAFB","MAFB / WT",2105,194,268,1.30193106080888,0.26682772386876,Inf,0.696224160063011,2.43459590219552,1,1.28739500717656,0.916114943374178
"S6_2","Late_EC","MEIS1","MEIS1 / WT",2105,1086,268,1.71044625110931,0.256305702775095,Inf,1.08231754835418,2.70311276240762,1,3.5820091934497,0.0087758234354689
"S6_2","Late_EC","MEN1","MEN1 / WT",2105,73,268,0.763828636944444,0.238311364920265,Inf,0.294557604357162,1.98071337485816,1,-0.863510883474666,0.991323743841092
"S6_2","Late_EC","NCOA5","NCOA5 / WT",2105,409,268,0.334083295336441,0.0695951278176294,Inf,0.176826452746243,0.631193164198262,1,-5.26297199452743,4.20906067755134e-06
"S6_2","Late_EC","NEUROG3","NEUROG3 / WT",2105,28,268,0.342688062850436,0.2043699074955,Inf,0.0554473164828403,2.11795837687705,1,-1.79574643144501,0.648746485920132
"S6_2","Late_EC","NKX6-1","(NKX6-1) / WT",2105,309,268,1.19003902303321,0.220220355946353,Inf,0.676254474785114,2.09417154214297,1,0.940195770939724,0.985414720053847
"S6_2","Late_EC","NOTCH1","NOTCH1 / WT",2105,177,268,0.529264908368964,0.129024581617504,Inf,0.251377686037537,1.11434450545853,1,-2.60999391035785,0.162575407192861
"S6_2","Late_EC","NOTCH2","NOTCH2 / WT",2105,98,268,0.279483256037838,0.103015173075793,Inf,0.0906697764151408,0.861487625687673,1,-3.45860564130555,0.0135944218099624
"S6_2","Late_EC","ONECUT1","ONECUT1 / WT",2105,132,268,0.348365356179352,0.105825081492403,Inf,0.137756387140594,0.880964025734128,1,-3.47131770446309,0.0130061582828583
"S6_2","Late_EC","PAX6","PAX6 / WT",2105,467,268,1.65336017322126,0.2750670603815,Inf,0.994716385441947,2.74811986853891,1,3.02226485410375,0.0549045300538201
"S6_2","Late_EC","PBX2","PBX2 / WT",2105,324,268,0.357898042575913,0.0801992509087153,Inf,0.180525364299335,0.709545771458895,1,-4.58536440855192,0.00013142964970303
"S6_2","Late_EC","PDX1","PDX1 / WT",2105,346,268,2.37184962975845,0.451387882649216,Inf,1.32636399208765,4.24142294252929,1,4.53821569144318,0.000164077080375469
"S6_2","Late_EC","RFX3","RFX3 / WT",2105,52,268,4.56406549511294,1.44336130588885,Inf,1.73736326834084,11.9898320767271,1,4.8007571698108,4.63170599004359e-05
"S6_2","Late_EC","RFX7","RFX7 / WT",2105,80,268,1.02043439914831,0.29036535642621,Inf,0.427919525666923,2.43336959523475,1,0.0710889686602224,0.999999999801091
"S6_2","Late_EC","RREB1","RREB1 / WT",2105,178,268,1.17387300218408,0.249754196409546,Inf,0.612941412143709,2.24813954148946,1,0.753468290486845,0.996335667406929
"S6_2","Late_EC","SIM1","SIM1 / WT",2105,36,268,0.662077512439512,0.288412935539114,Inf,0.175030136122221,2.504406624994,1,-0.946638028745149,0.984804546996053
"S6_2","Late_EC","SIX2","SIX2 / WT",2105,312,268,0.331107187811603,0.0749483276117261,Inf,0.165856751260077,0.66100396268221,1,-4.88305920079113,3.07031108404132e-05
"S6_2","Late_EC","SIX3","SIX3 / WT",2105,345,268,0.371379093694702,0.0808327783242602,Inf,0.191039349532901,0.721958233058918,1,-4.55091183505876,0.000154597025778247
"S6_2","Mesenchyme","CARM1","CARM1 / WT",257,788,268,0.0381923357422528,0.0355500024363385,Inf,0.00222515252370033,0.655530123851143,1,-3.50780778387504,0.0114427355719572
"S6_2","Mesenchyme","CBX4","CBX4 / WT",257,273,268,0.726153798830531,0.414419908448021,Inf,0.127073556521766,4.14955993984233,1,-0.560698096583992,0.999484385953183
"S6_2","Mesenchyme","DPY30","DPY30 / WT",257,278,268,1.41483703406258,0.706007746595686,Inf,0.308203779500184,6.49493603291062,1,0.695415541862015,0.99782409316555
"S6_2","Mesenchyme","EOMES","EOMES / WT",257,5,268,75.8209509104522,87.267799871774,Inf,2.25507230433225,2549.28260434092,1,3.76062513859961,0.00451128638740728
"S6_2","Mesenchyme","FEV","FEV / WT",257,385,268,0.558413994818559,0.305236277928667,Inf,0.105181361237368,2.96465253863285,1,-1.06593659694063,0.969600295906496
"S6_2","Mesenchyme","GCM1","GCM1 / WT",257,412,268,1.33989733970212,0.624552793430216,Inf,0.322714495515048,5.56319875893862,1,0.627720482430231,0.998895825130601
"S6_2","Mesenchyme","HES1","HES1 / WT",257,274,268,0.0538906032846766,0.0725159431514202,Inf,0.000884534861832447,3.28330430794997,1,-2.17060720102899,0.391608497808891
"S6_2","Mesenchyme","HNF1A","HNF1A / WT",257,254,268,1.59039296296136,0.806137813748569,Inf,0.338211510967373,7.47860346149189,1,0.915367465752727,0.987591920339989
"S6_2","Mesenchyme","HNF4A","HNF4A / WT",257,122,268,4.05736958242425,2.11321243779775,Inf,0.826838842934611,19.9098628094851,1,2.68902809278677,0.134522897238353
"S6_2","Mesenchyme","INSM1","INSM1 / WT",257,56,268,1.94440620162993,2.61015730643228,Inf,0.0322300505317775,117.304050553979,1,0.49535167977002,0.999779388820072
"S6_2","Mesenchyme","ISL1","ISL1 / WT",257,361,268,0.599145521544196,0.329638609996504,Inf,0.111630232110977,3.2157539153873,1,-0.931058271647565,0.986247664175712
"S6_2","Mesenchyme","JMJD6","JMJD6 / WT",257,30,268,21.2210418144847,13.5888950113057,Inf,3.00204982058645,150.008375145532,1,4.77081756665077,5.36967006521394e-05
"S6_2","Mesenchyme","MAFB","MAFB / WT",257,194,268,2.1506637450965,1.08944110766093,Inf,0.457804308630492,10.1033442833012,1,1.51171804706732,0.821229476798058
"S6_2","Mesenchyme","MEIS1","MEIS1 / WT",257,1086,268,0.0874142552657893,0.060087059111886,Inf,0.0107114926786781,0.71336948573778,1,-3.5454724226478,0.010008991731166
"S6_2","Mesenchyme","MEN1","MEN1 / WT",257,73,268,1.18939720683673,0.870234621804285,Inf,0.127310999164336,11.1118891919537,1,0.237058986138149,0.999998796378221
"S6_2","Mesenchyme","NCOA5","NCOA5 / WT",257,409,268,0.656366013984833,0.348784622084506,Inf,0.129515989512072,3.32635642855651,1,-0.792334757244616,0.994944337086954
"S6_2","Mesenchyme","NEUROG3","NEUROG3 / WT",257,28,268,10.1809491548442,7.28272561396221,Inf,1.14548406444966,90.4872698891023,1,3.24398851573694,0.0278400023438383
"S6_2","Mesenchyme","NKX6-1","(NKX6-1) / WT",257,309,268,1.66185033394592,0.865701012118469,Inf,0.338567320904111,8.15715623427917,1,0.97505530747703,0.981876455069029
"S6_2","Mesenchyme","NOTCH1","NOTCH1 / WT",257,177,268,0.0750407999350505,0.104304756363132,Inf,0.00107562518014337,5.23520809929505,1,-1.86314522832861,0.602489223211089
"S6_2","Mesenchyme","NOTCH2","NOTCH2 / WT",257,98,268,0.134076572142225,0.182229775675972,Inf,0.00211156597652547,8.5133627825303,1,-1.47838618968135,0.837960492404621
"S6_2","Mesenchyme","ONECUT1","ONECUT1 / WT",257,132,268,1.31212353632354,0.789536711495719,Inf,0.208861462448412,8.24311078928427,1,0.451447302621179,0.999884045383837
"S6_2","Mesenchyme","PAX6","PAX6 / WT",257,467,268,0.993666686834303,0.472502649749636,Inf,0.232555806233868,4.24574858187508,1,-0.0133612272175144,1
"S6_2","Mesenchyme","PBX2","PBX2 / WT",257,324,268,1.0098826668444,0.703946962933383,Inf,0.120144935760725,8.48860581875759,1,0.0141080803540057,1
"S6_2","Mesenchyme","PDX1","PDX1 / WT",257,346,268,1.50269440907787,1.13155259904581,Inf,0.15068986858611,14.9850186230903,1,0.54083829520901,0.999596737193235
"S6_2","Mesenchyme","RFX3","RFX3 / WT",257,52,268,0.866612369850298,0.745229142816102,Inf,0.0626937594194926,11.9791348697466,1,-0.166482024416907,0.999999905569824
"S6_2","Mesenchyme","RFX7","RFX7 / WT",257,80,268,1.16682930642972,0.88001745395247,Inf,0.11658855025113,11.6777387437329,1,0.204575694628437,0.999999582778039
"S6_2","Mesenchyme","RREB1","RREB1 / WT",257,178,268,0.243164755164954,0.211384823829556,Inf,0.0170949336816088,3.4588667763037,1,-1.62660148890192,0.757229862925922
"S6_2","Mesenchyme","SIM1","SIM1 / WT",257,36,268,21.5901288562961,13.6369143230532,Inf,3.13672283618085,148.605308271041,1,4.86400179255302,3.37906462111182e-05
"S6_2","Mesenchyme","SIX2","SIX2 / WT",257,312,268,0.980581042171694,0.512385292673228,Inf,0.198795244520141,4.83683190001614,1,-0.037528745815703,0.99999999999815
"S6_2","Mesenchyme","SIX3","SIX3 / WT",257,345,268,0.605139172780959,0.434685118123726,Inf,0.0674660238948012,5.42781977199404,1,-0.699263589366713,0.997743955154592
"S6_2","prolif_Alpha","CARM1","CARM1 / WT",515,788,268,1.60839048172809,0.555867064890364,Inf,0.5597419073797,4.62162991122741,1,1.37508022216925,0.884053077617255
"S6_2","prolif_Alpha","CBX4","CBX4 / WT",515,273,268,4.01701160310321,1.4416331670309,Inf,1.34242007379931,12.0203671968318,1,3.87463911620416,0.00289367898647686
"S6_2","prolif_Alpha","DPY30","DPY30 / WT",515,278,268,4.32199940687059,1.53895498889508,Inf,1.45677843330002,12.8225943259435,1,4.11070427386595,0.00110137192913273
"S6_2","prolif_Alpha","EOMES","EOMES / WT",515,5,268,0.659689428460244,1.32695821563487,Inf,0.00141689031118955,307.144553523581,1,-0.206805037993412,0.999999548921809
"S6_2","prolif_Alpha","FEV","FEV / WT",515,385,268,2.28423989140176,0.835282928018699,Inf,0.747688539445682,6.9785099091387,1,2.25894507388969,0.336292928827822
"S6_2","prolif_Alpha","GCM1","GCM1 / WT",515,412,268,1.96043314298036,0.724753856632182,Inf,0.633871104775726,6.06321707858202,1,1.82088832986633,0.63162213079812
"S6_2","prolif_Alpha","HES1","HES1 / WT",515,274,268,1.6100103428421,0.671133585440491,Inf,0.450739550945351,5.75084502485297,1,1.14247344091884,0.95525043237818
"S6_2","prolif_Alpha","HNF1A","HNF1A / WT",515,254,268,1.20774512208433,0.550856157820239,Inf,0.299922103752359,4.86342374126204,1,0.413843125222605,0.999936834335185
"S6_2","prolif_Alpha","HNF4A","HNF4A / WT",515,122,268,2.10705643179459,1.02835605895154,Inf,0.474603451439498,9.35451858451751,1,1.52707042915702,0.813231853436246
"S6_2","prolif_Alpha","INSM1","INSM1 / WT",515,56,268,0.174225641113058,0.271568901655242,Inf,0.00149160734541373,20.3502443954755,1,-1.12105099619136,0.959673339591128
"S6_2","prolif_Alpha","ISL1","ISL1 / WT",515,361,268,0.703320082996539,0.334651787457422,Inf,0.164451421445262,3.00793471287146,1,-0.739660495884211,0.996748025232461
"S6_2","prolif_Alpha","JMJD6","JMJD6 / WT",515,30,268,2.52847661624733,1.94017180353121,Inf,0.242710396014354,26.3408329593408,1,1.20889184784182,0.939375022225367
"S6_2","prolif_Alpha","MAFB","MAFB / WT",515,194,268,5.28961453149004,1.9476995978618,Inf,1.71804376134678,16.2859774129484,1,4.52387573288185,0.000175449801239291
"S6_2","prolif_Alpha","MEIS1","MEIS1 / WT",515,1086,268,2.29287707451547,0.743107707817276,Inf,0.85213480160053,6.16954649541839,1,2.56039108276813,0.182235884104566
"S6_2","prolif_Alpha","MEN1","MEN1 / WT",515,73,268,4.34491402599226,2.07278362844234,Inf,1.01208662522162,18.6528281500907,1,3.07929132730283,0.0463887730260023
"S6_2","prolif_Alpha","NCOA5","NCOA5 / WT",515,409,268,3.02330864762961,1.06099417894437,Inf,1.0351528761422,8.82999544269864,1,3.15255546351939,0.037123765225323
"S6_2","prolif_Alpha","NEUROG3","NEUROG3 / WT",515,28,268,2.34991397681696,1.89367899258172,Inf,0.200533310654891,27.5370494827314,1,1.06022008370851,0.970516096858795
"S6_2","prolif_Alpha","NKX6-1","(NKX6-1) / WT",515,309,268,2.71604965198591,1.02174280577803,Inf,0.860934086685855,8.56851392706509,1,2.65606802114695,0.145741827974385
"S6_2","prolif_Alpha","NOTCH1","NOTCH1 / WT",515,177,268,4.58532814306003,1.75147874354405,Inf,1.42799341727583,14.7236212192407,1,3.98681428947914,0.0018427480347093
"S6_2","prolif_Alpha","NOTCH2","NOTCH2 / WT",515,98,268,3.17132558307763,1.49212254955839,Inf,0.753654462529455,13.3447175780368,1,2.45300519180295,0.230381021781756
"S6_2","prolif_Alpha","ONECUT1","ONECUT1 / WT",515,132,268,3.20292293021744,1.38337657714021,Inf,0.856382788638736,11.9791236267363,1,2.69514948161946,0.132513395800532
"S6_2","prolif_Alpha","PAX6","PAX6 / WT",515,467,268,1.57470704731587,0.589999750747195,Inf,0.501464988109313,4.94491608320561,1,1.21190907655942,0.938573105025932
"S6_2","prolif_Alpha","PBX2","PBX2 / WT",515,324,268,3.53126042159277,1.33724387403785,Inf,1.11082477348355,11.2257130582371,1,3.33165250153239,0.0209176322427808
"S6_2","prolif_Alpha","PDX1","PDX1 / WT",515,346,268,2.04461703074818,0.912501386861442,Inf,0.523184565636051,7.99040926855934,1,1.60255271041312,0.77138589586472
"S6_2","prolif_Alpha","RFX3","RFX3 / WT",515,52,268,1.35293738174421,1.02862518534457,Inf,0.132691244413832,13.794727504493,1,0.397582425988411,0.999952321856674
"S6_2","prolif_Alpha","RFX7","RFX7 / WT",515,80,268,1.23447309093339,0.822332866936937,Inf,0.161407774738304,9.44145233839841,1,0.316215788821569,0.999990560466944
"S6_2","prolif_Alpha","RREB1","RREB1 / WT",515,178,268,2.59815029688199,1.09201021321774,Inf,0.719750523782153,9.37878437339088,1,2.27169422917975,0.328640889332201
"S6_2","prolif_Alpha","SIM1","SIM1 / WT",515,36,268,1.72756130203622,1.38631810866475,Inf,0.148953299967949,20.0362667556562,1,0.681284006865352,0.998098727048442
"S6_2","prolif_Alpha","SIX2","SIX2 / WT",515,312,268,2.69701057228933,1.00071137980876,Inf,0.868431694012225,8.37586430480738,1,2.67392058747852,0.13958119145786
"S6_2","prolif_Alpha","SIX3","SIX3 / WT",515,345,268,2.67396392964874,1.03124944103656,Inf,0.823415083209583,8.68344926254238,1,2.55031341333393,0.186428108136192
